Program,Runtime,cpu-cycles,instructions,cache-references,cache-misses,branch-instructions,branch-misses,page-faults,branch-loads,branch-load-misses,L1-dcache-loads,L1-dcache-load-misses,L1-dcache-stores,L1-dcache-store-misses,L1-dcache-prefetches,L1-dcache-prefetch-misses,L1-icache-loads,L1-icache-load-misses,L1-icache-prefetches,L1-icache-prefetch-misses,LLC-loads,LLC-load-misses,LLC-stores,LLC-store-misses,LLC-prefetch-misses,dTLB-loads,dTLB-load-misses,dTLB-stores,dTLB-store-misses,dTLB-prefetches,dTLB-prefetch-misses,iTLB-loads,iTLB-load-misses
2mm1_main_mlir,14.065101,55858767906,70386348640,2172217447,1485561,5663772420,10615842,18510,5662344675,10386714,26578645305,2251585281,7682698713,4703458,<not supported>,24492788,<not supported>,8764278,<not supported>,<not supported>,2161084422,560957,3653575,123491,2851477,26475813835,2179076530,7674175907,2267411,<not supported>,<not supported>,39543,1257575
2mm2_main_mlir,14.091796,55973260306,70334302175,2160159851,1067675,5663776476,12447126,18509,5678252158,12479842,26573305101,2302415119,7677101771,4033970,<not supported>,74721630,<not supported>,8359579,<not supported>,<not supported>,2153351442,1680999,4323349,375419,3525749,26597062182,2182725229,7688453055,2842647,<not supported>,<not supported>,217713,1243940
2mm3_main_mlir,14.111601,56210756058,70249369985,2162379337,1259358,5649504034,11667473,18509,5654163553,11660283,26483903953,2315847919,7682025034,6015727,<not supported>,97866685,<not supported>,10621340,<not supported>,<not supported>,2155407057,1250794,4450776,515287,3788917,26693430762,2199289132,7686149392,2529625,<not supported>,<not supported>,13286,1246326
2mm4_main_mlir,14.103240,56113855047,70286558475,2161792082,1555136,5672731918,11405376,18509,5685314887,11387839,26546183322,2302446962,7679295142,5109123,<not supported>,82953729,<not supported>,8094148,<not supported>,<not supported>,2158196902,711801,3585276,133834,2558788,26584734401,2191003941,7706874255,2549657,<not supported>,<not supported>,12290,1254854
2mm5_main_mlir,14.053666,55983414079,70361140711,2174374851,1569988,5610053047,10691198,18507,5613864266,10711584,26468888740,2265919718,7679517850,7876204,<not supported>,63618013,<not supported>,8511385,<not supported>,<not supported>,2156952958,641189,3786997,129285,2961152,26552765638,2182225097,7700343002,2576778,<not supported>,<not supported>,7711,1206047
2mm6_main_mlir,14.114385,56210441975,70245501265,2160570471,1615112,5647353021,11264573,18511,5645635259,11210657,26423939298,2288168958,7700718247,4966815,<not supported>,64799207,<not supported>,8601968,<not supported>,<not supported>,2161950328,1086060,3396588,157292,2651918,26633884570,2201739240,7689439486,2426746,<not supported>,<not supported>,192340,1333552
2mm7_main_mlir,14.128030,56307772228,70311053075,2169350746,1686970,5661083886,11043235,18508,5663230114,10977436,26575504481,2256032328,7674184002,3947299,<not supported>,49669753,<not supported>,10554046,<not supported>,<not supported>,2156929294,796824,4754159,545478,3791322,26575330219,2188935484,7717870139,2373332,<not supported>,<not supported>,16302,1206725
2mm8_main_mlir,14.101707,56035173197,70287370590,2169923979,1610760,5647763596,11732488,18508,5651962926,11622825,26476556355,2281097875,7677906052,5944260,<not supported>,51660566,<not supported>,8572300,<not supported>,<not supported>,2165568066,1047297,4117449,389350,3571863,26681834306,2187343755,7688028711,2461889,<not supported>,<not supported>,1576905,1254999
2mm9_main_mlir,14.104907,55822461565,70078341249,2157618058,1633854,5639224288,11015669,18507,5667659725,11002788,26520086943,2266223576,7682550184,3659715,<not supported>,50892954,<not supported>,8037352,<not supported>,<not supported>,2178175308,810403,3704404,141031,3156775,26698259299,2194635935,7678501514,2473561,<not supported>,<not supported>,40358,1282208
2mm10_main_mlir,14.053781,55893759525,70220759545,2158244718,1353592,5618792903,10725331,18510,5628284120,10780467,26587665570,2259596960,7680908991,4667409,<not supported>,47918520,<not supported>,12565305,<not supported>,<not supported>,2134304992,843550,4011830,286950,3359207,26598044644,2187258313,7691112020,2507256,<not supported>,<not supported>,48546,1211959
2mm11_main_mlir,14.136151,56344928068,70323399534,2181926448,2035944,5662777782,11180573,18506,5674701601,11197650,26489435445,2262811153,7705890898,5446756,<not supported>,47724965,<not supported>,12900839,<not supported>,<not supported>,2157875324,1059457,2705723,152989,128380,26512287333,2186119614,7633447323,2246457,<not supported>,<not supported>,454788,1277345
2mm12_main_mlir,14.118179,56003200777,70129459397,2161106118,2540810,5654009021,10989234,18507,5661181121,11010715,26477329919,2265895050,7695814911,10116802,<not supported>,46801576,<not supported>,8213262,<not supported>,<not supported>,2170944715,1276907,2244140,140164,136048,26587840905,2198696456,7670907960,2398719,<not supported>,<not supported>,17579,1245912
2mm13_main_mlir,14.105460,56191740364,70351767039,2167726447,1341277,5659811705,11024823,18507,5671644855,10976782,26512297402,2272810304,7666451229,7716210,<not supported>,44731750,<not supported>,8143284,<not supported>,<not supported>,2173486857,866938,4884687,790532,3944736,26631382514,2181347594,7659208741,2436163,<not supported>,<not supported>,11450,1253746
2mm14_main_mlir,14.060356,56110593546,70356318023,2149929792,1433704,5634063433,10864760,18508,5638393303,10863536,26484557143,2236700152,7670132853,3444226,<not supported>,36163352,<not supported>,10961425,<not supported>,<not supported>,2123564143,1207851,5187002,888987,3949827,26628495313,2184669759,7683329171,2358020,<not supported>,<not supported>,17937,1230160
2mm15_main_mlir,14.136084,56291176894,70488514198,2189420732,1601413,5634015581,10767488,18508,5668415918,11004843,26528094532,2260281224,7699990153,3806211,<not supported>,42156614,<not supported>,8685085,<not supported>,<not supported>,2146353503,1047838,4200623,157479,3129735,26632527955,2198951396,7681551755,2287040,<not supported>,<not supported>,71321,1239841
2mm16_main_mlir,14.099744,56050241488,70241015232,2172140600,1555128,5663801822,11236795,18509,5669894050,11226200,26516672484,2259207693,7672850034,5275094,<not supported>,39968088,<not supported>,7974148,<not supported>,<not supported>,2179629235,982183,4333813,484633,3763421,26536401758,2179245333,7667885595,2355031,<not supported>,<not supported>,27400,1267901
2mm17_main_mlir,14.051876,55966971118,70325650455,2185001345,1636900,5620263335,10563425,18510,5630419542,10451217,26545448113,2255255906,7693209548,7491993,<not supported>,38540672,<not supported>,8517980,<not supported>,<not supported>,2160747548,936796,5385397,1072513,3839999,26619294600,2170529090,7668043517,2259325,<not supported>,<not supported>,351575,1273338
2mm18_main_mlir,14.103106,56058362767,70138788150,2162284505,1840948,5663596203,11111520,18508,5670255658,10936195,26547211866,2268519353,7687606846,4166651,<not supported>,39779281,<not supported>,8212484,<not supported>,<not supported>,2171607047,1033269,2625023,124859,1614487,26492751931,2178168908,7680198662,3898937,<not supported>,<not supported>,204579,1419981
2mm19_main_mlir,14.107944,56176725384,70235942055,2172231758,1400754,5657496149,11016200,18507,5666965544,10993145,26499376202,2257730728,7692651698,5703588,<not supported>,39848844,<not supported>,8255596,<not supported>,<not supported>,2172012361,998117,4514725,669840,3749311,26674810441,2194508041,7665654848,2357581,<not supported>,<not supported>,279755,1487433
2mm20_main_mlir,14.040601,55930529878,70185880160,2154788741,1716348,5637288320,10818432,18510,5653208051,10900840,26503687902,2258229756,7676485312,3658290,<not supported>,38373800,<not supported>,10262620,<not supported>,<not supported>,2147784086,882587,3883871,197340,3665185,26672590856,2192281123,7677577539,2317451,<not supported>,<not supported>,14498,1226074
2mm21_main_mlir,14.029679,56089777221,70264521029,2174323414,2017755,5668275632,10842364,18509,5654881060,10774717,26513429758,2245410478,7671284632,4776350,<not supported>,35567684,<not supported>,10090690,<not supported>,<not supported>,2167472559,992771,2618050,131609,1073404,26494340966,2189282568,7667791587,2279043,<not supported>,<not supported>,10569,1198428
2mm22_main_mlir,14.022897,55909842485,70404747451,2187120723,1634322,5656748459,11219090,18510,5663005861,11199231,26419755815,2250932663,7672054246,5593005,<not supported>,36981010,<not supported>,8461796,<not supported>,<not supported>,2166263913,880977,5388990,890292,4033526,26628041414,2189782217,7675757828,2262218,<not supported>,<not supported>,11937,1159059
2mm23_main_mlir,14.063116,56035192210,70277099794,2179883215,1587312,5644015441,10616151,18508,5652643289,10558670,26596108792,2267684150,7689850520,4291355,<not supported>,36871007,<not supported>,10987066,<not supported>,<not supported>,2165365061,1311315,4844989,721608,4006529,26538106167,2180681333,7670340997,2325459,<not supported>,<not supported>,26729,1223460
2mm24_main_mlir,13.948396,55797829219,70283158611,2187592546,1908407,5619734576,10434409,18508,5645601964,10740958,26458132862,2245831963,7690233502,4825749,<not supported>,35154166,<not supported>,8814332,<not supported>,<not supported>,2161496993,843440,2672302,150108,968712,26544874211,2190391152,7687211630,2201996,<not supported>,<not supported>,141153,1157433
2mm25_main_mlir,14.090447,56134061256,70525371928,2182906917,1515616,5675789689,10992287,18510,5649258260,10718023,26416882458,2252766623,7649711886,4384952,<not supported>,36611655,<not supported>,8325250,<not supported>,<not supported>,2177290444,851191,5478454,1035162,3971530,26578073521,2173895538,7703019176,2401208,<not supported>,<not supported>,68913,1424208
2mm26_main_mlir,14.049457,56043315039,70474346705,2185387284,1455699,5624551539,10404155,18509,5622215349,10575806,26397148508,2249891208,7676469951,5657160,<not supported>,35501762,<not supported>,8662540,<not supported>,<not supported>,2155925685,868101,3868805,165678,3070627,26595001894,2186020506,7695033330,2265725,<not supported>,<not supported>,31352,1198645
2mm27_main_mlir,13.935580,55831915888,70498695610,2195092857,1534709,5624543949,12759852,18509,5646438126,13044872,26443171704,2242191708,7668590750,5694183,<not supported>,33048028,<not supported>,9910207,<not supported>,<not supported>,2166799343,882374,4203082,261447,3522882,26604990938,2185614364,7687571860,2305387,<not supported>,<not supported>,133048,4403424
2mm28_main_mlir,14.105837,56358444712,70303237670,2181985899,1612954,5639081320,10844790,18508,5652619738,10864077,26473103404,2213014739,7671693134,3659184,<not supported>,24826566,<not supported>,8481265,<not supported>,<not supported>,2177405950,1018322,4195958,315098,3621084,26555661411,2182871192,7675960536,2296048,<not supported>,<not supported>,6822,2291029
2mm29_main_mlir,13.886646,55790943787,70186436035,2171138764,1414661,5654897045,12218631,18509,5664984205,12237327,26541530890,2249269710,7682085919,5260122,<not supported>,32208459,<not supported>,15209882,<not supported>,<not supported>,2167324565,1082629,4711297,564168,3832701,26624430058,2177370517,7653114932,4732546,<not supported>,<not supported>,417111,3465927
2mm30_main_mlir,14.065610,56080073751,70392100932,2184209900,1607761,5607134307,10403788,18510,5611327960,10345165,26471894483,2251027745,7659567073,3324626,<not supported>,33935526,<not supported>,8159127,<not supported>,<not supported>,2166952880,811947,5284864,1282218,3247095,26650380397,2171232816,7714475967,2408562,<not supported>,<not supported>,5860,1219596
2mm31_main_mlir,14.015173,55818273395,70343593531,2165268838,1490885,5677676410,10918794,18510,5680592296,10709475,26474747592,2255369142,7666646193,3793093,<not supported>,34875505,<not supported>,8170425,<not supported>,<not supported>,2164646133,836877,4018041,279875,3468320,26639279040,2192830174,7674147241,2250233,<not supported>,<not supported>,8700,1240453
2mm32_main_mlir,13.937428,55840190379,70279697055,2176285425,1599044,5636628174,10773541,18510,5656087312,10980635,26457425475,2250682672,7670592641,5308182,<not supported>,31374394,<not supported>,10060623,<not supported>,<not supported>,2165773279,915689,4992765,623542,3892565,26602763392,2187117829,7703663870,2263558,<not supported>,<not supported>,11410,1214198
2mm33_main_mlir,13.986553,55863629634,70338408203,2175963985,1958567,5664119186,10888938,18508,5642243347,10654671,26542801930,2261203630,7669165719,5278441,<not supported>,33643097,<not supported>,7975897,<not supported>,<not supported>,2177166719,1036152,2444670,145031,1309048,26508442729,2182904974,7691034584,2333669,<not supported>,<not supported>,333451,1254254
2mm34_main_mlir,14.036556,56085144292,70200312875,2178922001,1660369,5647597811,10841325,18509,5672735659,10916891,26575859560,2224548612,7690464704,3955781,<not supported>,23654942,<not supported>,10625339,<not supported>,<not supported>,2162339117,1044048,3936934,267775,3397570,26611037575,2190210481,7682903636,2271939,<not supported>,<not supported>,288457,1359933
2mm35_main_mlir,13.967238,56068241926,70288450443,2187467009,1723114,5621714699,10855746,18507,5638315504,10896427,26571232552,2262073127,7674251964,6273655,<not supported>,33247671,<not supported>,10713607,<not supported>,<not supported>,2157183270,872078,4234919,309071,3533944,26539116728,2179601835,7691764577,2394826,<not supported>,<not supported>,180798,2407370
2mm36_main_mlir,13.986952,56124547961,70368158711,2175904872,1356641,5663561599,10866056,18508,5675123359,10931822,26582118965,2251942499,7691960015,6198896,<not supported>,31643351,<not supported>,12254580,<not supported>,<not supported>,2167975076,1022355,3748246,1210314,146825,26556056627,2190686739,7689241467,2361112,<not supported>,<not supported>,20191,1254051
2mm37_main_mlir,14.042519,56192465026,70366688966,2184945381,1874392,5660451230,11101578,18509,5674151928,11253672,26360295942,2241595634,7650931697,7119477,<not supported>,32279184,<not supported>,10265850,<not supported>,<not supported>,2171835758,866282,2529572,64721,128999,26631387852,2197299600,7686186765,2289375,<not supported>,<not supported>,12867,1194658
2mm38_main_mlir,13.991209,55567234110,69993871787,2173895071,2392567,5634268671,10764200,18506,5639453553,10833964,26517525173,2260272513,7693070170,6770203,<not supported>,32748060,<not supported>,10048346,<not supported>,<not supported>,2173129952,1273170,2504137,156708,155676,26566575881,2189888603,7658780518,2251141,<not supported>,<not supported>,34520,1335504
2mm39_main_mlir,14.045624,55949559549,70293056619,2187015828,1755313,5609275513,10414683,18510,5644470730,10633699,26528340021,2249333588,7680183355,5123084,<not supported>,32156030,<not supported>,8540472,<not supported>,<not supported>,2162360180,923367,3248348,146137,2408908,26528606394,2186713266,7684535369,2637521,<not supported>,<not supported>,69676,1267056
2mm40_main_mlir,14.095688,55878333120,70180038917,2174373683,1379995,5650000626,10850662,18509,5665720009,10890760,26525598125,2218772479,7692506173,6086178,<not supported>,21035894,<not supported>,8160422,<not supported>,<not supported>,2178475199,865443,4156804,518128,3777179,26552772356,2177244478,7666351987,2358309,<not supported>,<not supported>,215893,1273063
2mm41_main_mlir,14.023477,56021172809,70408976524,2179073152,1432857,5666347617,11173262,18510,5670456307,11188844,26444025018,2238198182,7655049975,4154658,<not supported>,31971922,<not supported>,16296324,<not supported>,<not supported>,2170763420,639239,4716822,746012,3826553,26629158980,2192986531,7697154794,2251356,<not supported>,<not supported>,38731,1214534
2mm42_main_mlir,13.992190,55702657646,70245121204,2172997519,1843572,5670192102,10946723,18506,5659495854,10751295,26544609256,2258255318,7665627986,6212846,<not supported>,31924486,<not supported>,8127408,<not supported>,<not supported>,2176608292,937147,2341793,141979,1100251,26511418350,2181857379,7681885257,2320657,<not supported>,<not supported>,110147,1318732
2mm43_main_mlir,14.080592,55912586419,70221980785,2169571322,2161397,5645836624,10865909,18508,5630374224,10611243,26556704412,2264826929,7669222392,5650581,<not supported>,32215978,<not supported>,8279408,<not supported>,<not supported>,2167681813,1092630,2398146,174390,892031,26551429384,2179826858,7675099219,2319694,<not supported>,<not supported>,422665,1269805
2mm44_main_mlir,14.037881,55889610920,70178646510,2170994167,1606002,5629708245,10883483,18507,5674305288,11195801,26440849420,2245223202,7684139408,4590265,<not supported>,30163373,<not supported>,10267248,<not supported>,<not supported>,2165988927,793975,3685115,139616,3092562,26599093337,2195404893,7685780932,2316121,<not supported>,<not supported>,185808,1366664
2mm45_main_mlir,13.936250,55420012443,70216750154,2181555108,1893460,5655007272,10688167,18508,5676641483,10776762,26499753371,2216165017,7690915590,7172776,<not supported>,20809428,<not supported>,8465144,<not supported>,<not supported>,2158656579,1173773,2735357,166788,632424,26560485912,2192357482,7655465912,2239854,<not supported>,<not supported>,57127,1193670
2mm46_main_mlir,14.079619,55911776898,70184058602,2171518358,1786126,5653434808,10771102,18509,5647944700,10550618,26515646801,2267784260,7657828750,6559887,<not supported>,28104976,<not supported>,8248446,<not supported>,<not supported>,2173532786,1010869,2693665,140834,1854768,26572658941,2187694847,7682295759,2303971,<not supported>,<not supported>,439758,1244035
2mm47_main_mlir,13.988292,55882626631,70361576999,2166236675,1794048,5635997262,10646237,18509,5621986994,10565757,26525226499,2264791506,7652762188,5088831,<not supported>,29709081,<not supported>,9830217,<not supported>,<not supported>,2169954970,851996,2671221,136347,1317882,26510645978,2173267313,7725967928,2412790,<not supported>,<not supported>,47452,1304686
2mm48_main_mlir,14.033771,55883479279,70340952724,2188212787,1482862,5610372287,10515708,18508,5646927521,10788297,26546383766,2242266134,7687908939,3834183,<not supported>,29011180,<not supported>,8398217,<not supported>,<not supported>,2165273997,839571,5561964,1460770,3958122,26574654661,2180644262,7699555807,2326987,<not supported>,<not supported>,34519,1190773
2mm49_main_mlir,14.123896,56129148088,70347735530,2181826452,1523798,5642132522,10758331,18510,5650651497,10757353,26485464194,2246329520,7680942361,5878466,<not supported>,29227319,<not supported>,8435766,<not supported>,<not supported>,2165298719,957483,4198295,151838,3161010,26572387509,2189556933,7663988732,2230311,<not supported>,<not supported>,37836,1179957
2mm50_main_mlir,13.961081,55807835844,70304709591,2177919426,1463672,5614530141,10663410,18508,5629890370,10642168,26550427090,2239009377,7690384530,5116460,<not supported>,28657612,<not supported>,10819611,<not supported>,<not supported>,2152870150,800792,3781631,138456,2456101,26607590348,2200336942,7680929395,2219611,<not supported>,<not supported>,276395,1265758
2mm51_main_mlir,13.995813,55818576423,70209530482,2172182432,1386607,5649571755,10813102,18508,5667530141,10774571,26574575194,2255152162,7679889908,8309578,<not supported>,30632282,<not supported>,8375502,<not supported>,<not supported>,2166695170,717235,4209695,1424301,1351991,26713294406,2195199730,7697392633,2332752,<not supported>,<not supported>,203269,1245233
2mm52_main_mlir,14.040808,56007034727,70383326118,2184177548,1653390,5639852525,10608500,18508,5672006620,10844224,26475246413,2245584769,7658851351,6225339,<not supported>,30516007,<not supported>,9904280,<not supported>,<not supported>,2164832061,1036598,4405037,726364,3875605,26622309130,2184401526,7675770260,2256112,<not supported>,<not supported>,33753,1227570
2mm53_main_mlir,13.992917,55728717017,70221918408,2171567907,1667247,5632063673,10683664,18509,5635647037,10620123,26506101345,2249545892,7668154122,5689366,<not supported>,30593397,<not supported>,8134465,<not supported>,<not supported>,2169629694,947980,3397821,131930,2905184,26617597640,2184595982,7676335568,2329475,<not supported>,<not supported>,36676,4319024
2mm54_main_mlir,14.081669,55985551666,70323817312,2173775778,1292734,5662177738,10682321,18507,5647863495,10491793,26538385650,2263055092,7663784561,3859638,<not supported>,31437212,<not supported>,8023926,<not supported>,<not supported>,2176317300,912597,4832170,975384,3887319,26566303465,2175402248,7685188314,2329971,<not supported>,<not supported>,39490,1262674
2mm55_main_mlir,13.965592,55767516420,70247428482,2172647664,1485875,5615118120,10678652,18510,5635242683,10687457,26570898427,2252431983,7686456099,6438832,<not supported>,28613747,<not supported>,10850923,<not supported>,<not supported>,2147584520,897564,2963706,130150,1868277,26539118772,2186038047,7696328415,2271305,<not supported>,<not supported>,284730,3557826
2mm56_main_mlir,14.058315,55998699814,70141287519,2177833939,2060401,5638201777,10654246,18509,5642350147,10782590,26507033288,2226092088,7695250985,5180851,<not supported>,27325230,<not supported>,9085887,<not supported>,<not supported>,2155602594,1245280,2479436,162736,347350,26589963685,2190377486,7660036608,2231946,<not supported>,<not supported>,189894,6734913
2mm57_main_mlir,14.120829,56118682963,70240329462,2172912004,1648541,5695015759,11148647,18509,5688859673,10933510,26533279501,2243678085,7644057547,3431424,<not supported>,30541830,<not supported>,10613086,<not supported>,<not supported>,2162869297,1081728,4066565,412823,3630417,26557960178,2186606092,7671531003,2233595,<not supported>,<not supported>,197394,1429734
2mm58_main_mlir,14.015021,55772392211,70316553587,2169372683,1466577,5652786762,10756891,18507,5653374708,10749998,26437293093,2240235992,7695338600,3256066,<not supported>,27963090,<not supported>,8291726,<not supported>,<not supported>,2170416181,899266,4038024,409111,3597131,26634640483,2194745013,7670591838,2240774,<not supported>,<not supported>,35991,1219934
2mm59_main_mlir,13.989182,55809494997,70162010883,2166261423,1909396,5632111892,10639833,18511,5632233468,10666477,26551673845,2259082128,7671975808,7563447,<not supported>,28445833,<not supported>,10287609,<not supported>,<not supported>,2167113292,892746,2893438,289385,719229,26522987830,2180847240,7691646683,2394214,<not supported>,<not supported>,287306,1352178
2mm60_main_mlir,13.993652,55451214834,69982447784,2161736098,1638187,5651431032,10778906,18508,5660282610,10595880,26601397429,2261889879,7674891639,4713816,<not supported>,30292955,<not supported>,8063944,<not supported>,<not supported>,2175643146,838284,3244262,166764,2679856,26575884068,2180823878,7689591280,2334786,<not supported>,<not supported>,230976,1262629
2mm61_main_mlir,13.952556,56471731160,70425936254,2180488368,1447169,5631663258,12670117,18509,5656352352,12832053,26497187357,2246937245,7679387408,7068825,<not supported>,30373559,<not supported>,20904852,<not supported>,<not supported>,2144407126,843169,3967163,195978,2772143,26561779048,2190136922,7706366888,2357791,<not supported>,<not supported>,40349,12278515
2mm62_main_mlir,13.961910,55664968765,70295556005,2173327777,2049177,5633558948,10325931,18508,5605255330,10196609,26516548011,2216754522,7689576141,6828496,<not supported>,18200994,<not supported>,8439997,<not supported>,<not supported>,2163581624,972797,2394171,169651,776165,26531757913,2187278450,7694801336,3881877,<not supported>,<not supported>,32479,1263491
2mm63_main_mlir,13.974532,55806883671,70332256429,2171724454,1532854,5633370831,10559370,18509,5638754252,10429247,26531522730,2250539419,7669109844,3491208,<not supported>,29585181,<not supported>,10363848,<not supported>,<not supported>,2156086295,919034,3840138,124932,2767238,26419151669,2173434225,7663683285,2292680,<not supported>,<not supported>,37884,1223062
2mm64_main_mlir,14.005002,55681962819,70284351250,2169953263,2024083,5669493442,11006160,18510,5655991655,10964279,26430897053,2247522104,7660539369,7263217,<not supported>,29647904,<not supported>,7972845,<not supported>,<not supported>,2174599979,935456,2232228,138328,123067,26543387272,2183489452,7688698528,2317923,<not supported>,<not supported>,38919,1268633
2mm65_main_mlir,14.132719,56097330193,70141017511,2174115608,1517329,5642553042,10804295,18509,5684306353,10992228,26517091198,2259306560,7683565529,5704002,<not supported>,31358285,<not supported>,10283956,<not supported>,<not supported>,2160278115,911810,4080387,128626,3195578,26682100821,2202742608,7697040856,2233211,<not supported>,<not supported>,57156,1209777
2mm66_main_mlir,14.033647,55925547234,70419172313,2191156613,1387101,5624073059,10503300,18510,5642081022,10694897,26409765863,2248431746,7688964177,5739041,<not supported>,29315814,<not supported>,8269974,<not supported>,<not supported>,2162058377,841772,4879735,711591,3773800,26640148358,2184552751,7688571945,2222901,<not supported>,<not supported>,41731,1184437
2mm67_main_mlir,14.083911,55838828552,70188961570,2159479776,1652419,5657008860,10599736,18508,5652269726,10388632,26564249064,2253405187,7652402737,3505649,<not supported>,30066457,<not supported>,7955784,<not supported>,<not supported>,2166476224,913134,3617723,78086,2957426,26575425595,2185437255,7695095493,2326342,<not supported>,<not supported>,38651,1278859
2mm68_main_mlir,13.918677,55471490923,70277954785,2164424604,1446202,5655028974,10853291,18509,5664064929,10847045,26486618234,2224367852,7685662358,7426855,<not supported>,21589918,<not supported>,8298129,<not supported>,<not supported>,2153226968,1013612,4243051,238922,3342388,26625445708,2194933845,7664744899,2230951,<not supported>,<not supported>,31758,1212684
2mm69_main_mlir,14.044719,55870105413,70319651585,2184746503,1555558,5612033646,10360721,18506,5627340735,10651939,26469697544,2201858617,7692144332,3322767,<not supported>,16896191,<not supported>,8952332,<not supported>,<not supported>,2160180472,963526,4377832,612076,3758563,26496362576,2178984201,7700608746,2297345,<not supported>,<not supported>,100584,3522729
2mm70_main_mlir,13.971282,55709450717,70249534850,2170946449,1740547,5643613704,11636029,18509,5657247317,11651790,26555756713,2234977744,7677607069,3964522,<not supported>,23139196,<not supported>,13168509,<not supported>,<not supported>,2159843676,917829,4128665,133860,3168952,26517576888,2187044932,7675781487,2309892,<not supported>,<not supported>,32381,2336341
2mm71_main_mlir,14.003631,56046905164,70336938965,2164576371,2510629,5615029497,10848624,18510,5619278949,10772752,26465460688,2226237184,7690865585,6092172,<not supported>,24007871,<not supported>,10761698,<not supported>,<not supported>,2160144332,1377047,2943437,127680,2011128,26640440875,2195361111,7702282704,3623890,<not supported>,<not supported>,539162,1424424
2mm72_main_mlir,14.005390,55618502818,70171777182,2169442083,1683251,5666901187,10952895,18508,5672492101,10955941,26517391300,2250265023,7693578962,7435310,<not supported>,30115729,<not supported>,8155898,<not supported>,<not supported>,2172718978,1014130,2275153,148149,1186415,26513304801,2184892360,7673806119,2308448,<not supported>,<not supported>,181091,1280505
2mm73_main_mlir,13.985368,55996725832,70332164852,2167023301,1601230,5635975039,10987548,18511,5681078546,11045162,26627776315,2250662788,7670829063,8143937,<not supported>,29309789,<not supported>,12009277,<not supported>,<not supported>,2146292223,972592,4148329,213510,3273577,26649936055,2194753165,7678866472,2297773,<not supported>,<not supported>,269985,1298339
2mm74_main_mlir,13.982931,55645400015,70187577925,2166721761,2405847,5658124586,10641273,18508,5642113479,10403586,26569883192,2247579148,7676583769,6658726,<not supported>,20625807,<not supported>,8393282,<not supported>,<not supported>,2171775388,894214,2268045,59008,229020,26472060554,2177820507,7671457922,2370199,<not supported>,<not supported>,324786,1310489
2mm75_main_mlir,13.947544,55586415077,70211978972,2176580001,1728412,5615052729,10469037,18508,5640662385,10645895,26475532935,2245646333,7717820996,5950145,<not supported>,27042191,<not supported>,8575081,<not supported>,<not supported>,2165382635,1143693,3629728,130363,2457528,26501741822,2187272149,7659861728,2222997,<not supported>,<not supported>,32134,1200605
2mm76_main_mlir,14.029153,55950032504,70296817208,2171722145,2146026,5672997646,10770506,18509,5686652218,10801940,26565874145,2241123364,7694622473,6899857,<not supported>,27041835,<not supported>,8693829,<not supported>,<not supported>,2153586229,1469050,2210707,116255,259728,26583974563,2201852607,7684441498,2250429,<not supported>,<not supported>,10876,1188509
2mm77_main_mlir,13.920796,55551370173,70225210298,2166599249,1542573,5648721842,10826489,18508,5658770167,10887071,26447854761,2228209701,7683939464,4340158,<not supported>,27621945,<not supported>,8096640,<not supported>,<not supported>,2174191898,896985,3899365,222841,3282445,26662085858,2200151773,7687869417,2262272,<not supported>,<not supported>,4023,1223521
2mm78_main_mlir,14.106486,56031353931,70380472017,2167966271,1740708,5672894120,10919356,18510,5676426169,10926870,26474174946,2248150162,7690068834,8125822,<not supported>,30009328,<not supported>,8210872,<not supported>,<not supported>,2163555022,1124805,4419265,524539,3780055,26561503837,2190993453,7676922390,2362537,<not supported>,<not supported>,217429,1271814
2mm79_main_mlir,13.919412,55469982125,70148686088,2161756901,1269757,5657459524,10915030,18508,5674416921,10956601,26525372959,2245265197,7682268975,3906139,<not supported>,29172550,<not supported>,8393604,<not supported>,<not supported>,2155693056,981166,4780914,559735,3917199,26661773211,2195461092,7673552991,2191669,<not supported>,<not supported>,75077,1265946
2mm80_main_mlir,14.060671,55921975269,70319841259,2178182349,1507872,5605299686,10543131,18509,5609475186,10469302,26480332386,2249476800,7682027649,3110444,<not supported>,27310253,<not supported>,8676788,<not supported>,<not supported>,2157839557,926381,5343036,1254104,3477293,26639097627,2172376044,7704871122,2213496,<not supported>,<not supported>,80632,1423773
2mm81_main_mlir,13.900687,55576470732,70389566488,2165657417,1658948,5659686611,10920987,18509,5676102019,10918697,26508627842,2225410370,7650021980,3875713,<not supported>,27242561,<not supported>,8150754,<not supported>,<not supported>,2151170139,1246373,3625144,130022,2517029,26600482832,2189644574,7700344377,2434516,<not supported>,<not supported>,14322,2310311
2mm82_main_mlir,14.030935,55828204493,70259555575,2180190368,1573493,5611805394,11001176,18509,5650431127,11187906,26475020855,2226535094,7697557602,9405258,<not supported>,18176152,<not supported>,8598315,<not supported>,<not supported>,2165243276,887077,4809500,659192,3849013,26622601581,2191665378,7673302429,2232546,<not supported>,<not supported>,335077,1184838
2mm83_main_mlir,13.930098,55855174952,70400594841,2170857522,1437024,5660536038,10706364,18507,5663647931,10693835,26519020492,2238880600,7651180522,2972714,<not supported>,28883619,<not supported>,10075369,<not supported>,<not supported>,2153348089,793013,4440671,442366,3782068,26568546690,2186981528,7686263004,2255574,<not supported>,<not supported>,18298,1381204
2mm84_main_mlir,14.033707,55908345206,70471787011,2178244284,1678470,5622763791,10478172,18507,5655799070,10780552,26432580467,2229134282,7678198654,3451808,<not supported>,28555733,<not supported>,8562679,<not supported>,<not supported>,2146141794,1017570,5219696,1203817,3728751,26726314399,2187633471,7680221252,2207520,<not supported>,<not supported>,10478,1199217
2mm85_main_mlir,13.900293,55234118325,70043458913,2155072681,1611202,5657335093,10729680,18509,5665247102,10534036,26505063879,2253993442,7691208578,6386799,<not supported>,27475668,<not supported>,8064298,<not supported>,<not supported>,2171045221,886137,4147659,404796,3771075,26607988378,2180808749,7684494288,2323945,<not supported>,<not supported>,36893,1319273
2mm86_main_mlir,14.063605,55973620979,70353793713,2182553103,1558589,5615603854,10440372,18507,5630510809,10432508,26580713498,2255991118,7672498661,4272413,<not supported>,28857909,<not supported>,8575749,<not supported>,<not supported>,2154887462,828063,4145912,122880,3166564,26561390020,2182653981,7696235410,2408902,<not supported>,<not supported>,17468,1179877
2mm87_main_mlir,13.871055,55581450252,70302801562,2167654941,1161186,5643846684,11779784,18507,5649162923,11719506,26501197333,2200704794,7690310111,4074302,<not supported>,13245848,<not supported>,8519997,<not supported>,<not supported>,2155269473,594710,4572414,548074,3778714,26498348552,2175987384,7690254013,2267364,<not supported>,<not supported>,136618,4798433
2mm88_main_mlir,14.078725,55989586029,70193038804,2168254753,1219609,5658418773,10643916,18508,5648221474,10402305,26564458791,2246289656,7635251822,5318958,<not supported>,29165690,<not supported>,8087448,<not supported>,<not supported>,2175515997,570727,5096819,787038,3862030,26569872309,2176070182,7680365292,2311657,<not supported>,<not supported>,11988,1238104
2mm89_main_mlir,13.942819,55882005893,70317587947,2171710308,1413331,5644074614,11761682,18508,5669232077,12047887,26417180791,2234437719,7681979238,3871770,<not supported>,28314398,<not supported>,12446927,<not supported>,<not supported>,2155553830,783185,4154317,147351,3153986,26615309082,2191927499,7691060713,2245053,<not supported>,<not supported>,70649,6577438
2mm90_main_mlir,14.121813,55863864277,69965131451,2167664211,1768870,5648260451,10730472,18506,5665792623,10744338,26473899239,2240420717,7676138959,3686993,<not supported>,29288414,<not supported>,8482576,<not supported>,<not supported>,2164088491,769027,4637896,715596,3878316,26724255645,2199299589,7680419677,2182105,<not supported>,<not supported>,84773,1230271
2mm91_main_mlir,13.958303,55711719848,70336577961,2182243312,1484954,5612242622,10478694,18509,5625827844,10480793,26574503474,2256335165,7690069396,6153576,<not supported>,28988245,<not supported>,8603855,<not supported>,<not supported>,2158562427,829694,4608946,599466,3863602,26513657154,2172594986,7678594420,2357063,<not supported>,<not supported>,354818,1198434
2mm92_main_mlir,14.005109,55877078290,70156910293,2161685912,1567551,5631464749,10752408,18510,5651620009,10767056,26580177554,2255708569,7675800157,5507770,<not supported>,28781318,<not supported>,11766147,<not supported>,<not supported>,2161370457,866858,4970952,669934,3860063,26592042057,2181935907,7682250568,2463811,<not supported>,<not supported>,118893,1459661
2mm93_main_mlir,13.942793,55715698693,70212477981,2178307387,1489255,5615662344,10383556,18508,5660707305,10683715,26485447885,2236534814,7692459469,3457221,<not supported>,28647871,<not supported>,8559210,<not supported>,<not supported>,2156413808,1229209,3969617,143166,2958837,26610080601,2192844897,7666115756,2200920,<not supported>,<not supported>,8635,1165981
2mm94_main_mlir,14.100011,55969623042,70301122133,2164302365,2077256,5629740153,10782094,18508,5667161272,10930212,26502421508,2257522792,7717853424,7900622,<not supported>,25049912,<not supported>,8226012,<not supported>,<not supported>,2158511454,1606939,3972352,337488,3604203,26570924501,2178909773,7678247393,2313194,<not supported>,<not supported>,11198,1256763
2mm95_main_mlir,14.045276,55961426819,70412007791,2178534724,1524101,5613552777,10343886,18508,5630135098,10599517,26422424822,2242894093,7667345744,7161293,<not supported>,28645016,<not supported>,8626494,<not supported>,<not supported>,2154297688,952294,4395003,265564,3428408,26564173837,2183608319,7679223647,4460498,<not supported>,<not supported>,9762,1178592
2mm96_main_mlir,13.992699,55954458249,70388175717,2169299128,1310389,5643098223,10828983,18507,5652274511,10776941,26515504258,2254245098,7681705824,3808783,<not supported>,29033583,<not supported>,10379606,<not supported>,<not supported>,2157931854,865954,4659567,656256,3929174,26564844930,2181740367,7679841812,2323905,<not supported>,<not supported>,120972,1283069
2mm97_main_mlir,14.122724,55745304965,70231739856,2164862188,2526320,5668922822,10835918,18509,5674972430,10828628,26482268469,2236071746,7692659034,5195074,<not supported>,28887649,<not supported>,8422476,<not supported>,<not supported>,2167363758,1527050,2575134,154402,220870,26593413750,2195526514,7651676812,2236608,<not supported>,<not supported>,143474,1268316
2mm98_main_mlir,13.911674,55829126460,70247744558,2161999913,1572730,5645911189,11210403,18506,5672240670,11322844,26485140806,2245320389,7701054367,4747184,<not supported>,28057452,<not supported>,13240105,<not supported>,<not supported>,2156851842,1284189,3329013,137980,2529725,26580042880,2197569576,7665063616,2305768,<not supported>,<not supported>,574347,2161750
2mm99_main_mlir,13.961724,55777543412,70437352039,2186148002,1422904,5628110248,10447442,18510,5624568689,10373434,26475073379,2250394057,7656379491,4172499,<not supported>,28079134,<not supported>,8645328,<not supported>,<not supported>,2157945373,810169,5207858,738124,3950012,26565203280,2175690229,7698881460,2562675,<not supported>,<not supported>,145298,1181194
2mm100_main_mlir,13.886108,55438085304,70154384899,2167453087,1869444,5642734182,10988705,18509,5660687271,10883486,26551419221,2211674524,7674971784,4148977,<not supported>,19388066,<not supported>,10188895,<not supported>,<not supported>,2169576106,785055,2563439,119260,1581374,26536180317,2186719360,7684553124,2266447,<not supported>,<not supported>,271038,1270346
2mm101_main_mlir,14.005584,55808825824,70240818317,2165536605,1802249,5670643960,10870235,18509,5675201201,10715340,26493203897,2249203004,7663312878,3186331,<not supported>,28876879,<not supported>,8163943,<not supported>,<not supported>,2168986460,863483,4759765,564140,3853574,26622547410,2186267367,7672504384,2373782,<not supported>,<not supported>,200665,1294753
2mm102_main_mlir,13.944011,55939621672,70312642885,2181329772,1925487,5621083885,10761263,18505,5653762857,11150447,26468792630,2233100355,7692035514,5904089,<not supported>,21957642,<not supported>,12087407,<not supported>,<not supported>,2159198528,1028232,2364890,150301,1168044,26572600321,2195423006,7660446635,2247891,<not supported>,<not supported>,458831,1479579
2mm103_main_mlir,13.960885,55747123015,70313288680,2181260127,1680543,5617553492,10421918,18509,5624799995,10412635,26556224154,2258051360,7676686848,5506616,<not supported>,28533925,<not supported>,8412675,<not supported>,<not supported>,2156726853,935462,4096988,298802,3461066,26515562464,2175589738,7684458033,2388351,<not supported>,<not supported>,13345,1159599
2mm104_main_mlir,13.890779,55605542594,70212193691,2163904366,1295986,5635849547,10747608,18509,5644901840,10693808,26514952184,2242868772,7683630662,5106006,<not supported>,24137000,<not supported>,10150303,<not supported>,<not supported>,2162637542,831436,5466090,1063783,3841192,26625301722,2178600770,7686148600,2273556,<not supported>,<not supported>,11353,1217625
2mm105_main_mlir,13.961583,55706647331,70284296945,2175409877,1844703,5617290382,10580743,18507,5626246793,10604109,26576912035,2217484236,7674413429,4275406,<not supported>,15098387,<not supported>,8501328,<not supported>,<not supported>,2158057385,921553,4096268,110481,3112205,26528621919,2183335085,7695086302,2361699,<not supported>,<not supported>,4913,1223425
2mm106_main_mlir,14.041939,56151212742,70376299580,2179065966,1389500,5637554141,10802557,18510,5661837091,10983106,26462556976,2233635864,7648837898,3021627,<not supported>,27913954,<not supported>,10339388,<not supported>,<not supported>,2163766681,1009574,4985550,649810,3910244,26614399965,2190863968,7690666103,2247200,<not supported>,<not supported>,269561,1293356
2mm107_main_mlir,13.944844,55661700491,70399675423,2184038826,1421636,5623549514,10432016,18509,5639613973,10670950,26354766137,2202835050,7674268854,3427373,<not supported>,20436913,<not supported>,8602683,<not supported>,<not supported>,2157838945,997914,4278523,247873,3292766,26631925658,2193524157,7679065710,2254584,<not supported>,<not supported>,144445,1179162
2mm108_main_mlir,13.969882,55645323249,70245855944,2172156035,2197322,5630134120,10507458,18506,5627502808,10502459,26528408464,2227226314,7681134000,7015936,<not supported>,20401944,<not supported>,9034651,<not supported>,<not supported>,2147822624,1137300,2384720,142055,144705,26489769678,2178765439,7680238443,2408672,<not supported>,<not supported>,261447,1199281
2mm109_main_mlir,13.929668,55524044052,70159265511,2165713262,1434515,5632106344,10732960,18509,5658696213,10816122,26471940729,2242711658,7693024222,3501391,<not supported>,28147716,<not supported>,8542219,<not supported>,<not supported>,2153249138,1048956,3857717,139049,2899389,26686151304,2197173191,7667471749,2198273,<not supported>,<not supported>,8434,1163672
2mm110_main_mlir,14.072570,55798822544,70085203649,2166440151,1728761,5612050105,10452647,18505,5638157697,10430299,26608169616,2252966907,7665790323,3023022,<not supported>,28264695,<not supported>,8270977,<not supported>,<not supported>,2162894042,1150324,5268192,1375700,3366855,26668444443,2171518189,7716599074,2333024,<not supported>,<not supported>,233599,1263406
2mm111_main_mlir,13.949768,55737533074,70324995342,2183364058,1592630,5615632823,10399121,18509,5624096287,10509254,26518963422,2216723550,7688399837,5357482,<not supported>,20687864,<not supported>,8657325,<not supported>,<not supported>,2165636620,941639,5218049,771742,3785159,26491487202,2168546323,7688432179,2293413,<not supported>,<not supported>,272871,1183490
2mm112_main_mlir,13.900843,55705299576,70238418612,2154128156,1600292,5655072554,10758372,18507,5633405364,10657959,26493303802,2255028943,7665699134,3252626,<not supported>,28278151,<not supported>,12018441,<not supported>,<not supported>,2162127032,926190,5213975,955980,4018616,26728399698,2182651428,7704333214,2437905,<not supported>,<not supported>,19268,1288580
2mm113_main_mlir,13.926605,55590851516,70369354195,2175382566,1801797,5680196892,11001817,18509,5678390636,10943563,26477990877,2225849836,7668485566,4227446,<not supported>,26884152,<not supported>,8611335,<not supported>,<not supported>,2154691825,1372968,2623047,145492,1409218,26631972164,2199483546,7679238591,2239451,<not supported>,<not supported>,319625,1207905
2mm114_main_mlir,13.903641,55779108454,70226475387,2158833749,1643821,5662329660,12998297,18510,5644192578,12671777,26520326780,2255874338,7673421847,4991700,<not supported>,28121794,<not supported>,11113405,<not supported>,<not supported>,2165381398,848382,4512700,549084,3752434,26602323872,2187858446,7700435547,2417428,<not supported>,<not supported>,242165,3566800
2mm115_main_mlir,14.020289,56146290209,70266898129,2166489797,1678060,5669770030,11102749,18508,5657613401,10894911,26473398414,2247346182,7657402893,5276291,<not supported>,24592946,<not supported>,9585248,<not supported>,<not supported>,2169509830,936112,2740736,131838,1790512,26571069410,2199200220,7687072638,2291831,<not supported>,<not supported>,619921,4777627
2mm116_main_mlir,13.988751,55605777177,70043714269,2160804292,1778247,5628162945,10611486,18509,5635775712,10539943,26578610167,2246934503,7668847945,2993334,<not supported>,26053488,<not supported>,7935378,<not supported>,<not supported>,2175215242,845539,4206912,386206,3675059,26548194924,2172739918,7676772461,2334979,<not supported>,<not supported>,19563,1267226
2mm117_main_mlir,14.035789,55891766352,70318233110,2181676347,1415075,5638231930,10582282,18508,5680333139,10778336,26471097287,2229790964,7683388150,5151346,<not supported>,26527906,<not supported>,8525509,<not supported>,<not supported>,2160634565,1069529,3803704,177105,3217045,26620530430,2192164086,7665685443,2204532,<not supported>,<not supported>,97714,1165090
2mm118_main_mlir,13.945820,55676940274,70355744086,2174264896,1531303,5620573692,10417877,18509,5646160595,10719553,26447079139,2243193170,7672963237,7453117,<not supported>,28082674,<not supported>,8370921,<not supported>,<not supported>,2145300821,1155428,2736634,134099,1775424,26618023987,2199550852,7677966651,2194716,<not supported>,<not supported>,10474,1183662
2mm119_main_mlir,14.073493,56081654444,70353493930,2171424331,1645873,5660154777,10745255,18507,5640187902,10519167,26535209169,2254145497,7647013582,6959072,<not supported>,22383754,<not supported>,8389660,<not supported>,<not supported>,2167605844,1189016,3874335,137314,2910519,26518485689,2181888765,7679927207,2357921,<not supported>,<not supported>,427429,1260056
2mm120_main_mlir,13.966839,55780896963,70493383568,2182730967,1240076,5613157328,10416553,18507,5604502159,10395576,26489476754,2232388066,7635467070,5166236,<not supported>,22930514,<not supported>,8570271,<not supported>,<not supported>,2158303634,1220258,4496908,566428,3733597,26602541133,2182457132,7710824641,2310441,<not supported>,<not supported>,135529,1210312
2mm121_main_mlir,14.132115,56056359062,70180901107,2182316856,1076027,5635886798,10659542,18506,5675495144,10858159,26525311850,2249062787,7689026950,5603673,<not supported>,28087008,<not supported>,8763119,<not supported>,<not supported>,2162129240,840566,5190287,798107,3872975,26480491003,2178257380,7633802781,2223909,<not supported>,<not supported>,32279,1178441
2mm122_main_mlir,14.002061,55816291574,70309102439,2161136396,1292892,5671338029,11004163,18508,5669296242,10849172,26506397913,2253556918,7667720739,3310877,<not supported>,26834465,<not supported>,8086671,<not supported>,<not supported>,2164259444,611192,3906286,228112,3343852,26517048922,2183079537,7693936749,2336383,<not supported>,<not supported>,176440,1266581
2mm123_main_mlir,14.023450,56015516423,70285735102,2167143568,1470989,5651621654,10884088,18509,5637414354,10776498,26489257981,2218320422,7672012625,4323409,<not supported>,18331301,<not supported>,10295405,<not supported>,<not supported>,2162048010,1136405,3715134,133759,3065714,26627145952,2191412158,7680968834,2316048,<not supported>,<not supported>,18836,1243011
2mm124_main_mlir,13.964883,55726140353,70235212377,2174932240,1786966,5607355990,10249853,18508,5622380589,10245291,26583501259,2247657725,7698378481,6402641,<not supported>,25905115,<not supported>,8432167,<not supported>,<not supported>,2158419654,682163,2651702,156091,1046117,26504260289,2183987968,7691334909,2392853,<not supported>,<not supported>,9207,1184566
2mm125_main_mlir,14.063816,56072104345,70272325176,2171249505,1564540,5633463124,10595009,18510,5621578813,10487736,26545768971,2246789388,7690189434,4385340,<not supported>,26288443,<not supported>,8493074,<not supported>,<not supported>,2164024819,763246,4610656,464270,3720808,26533285371,2182806988,7688244970,2342577,<not supported>,<not supported>,8707,1239233
2mm126_main_mlir,13.997840,55995749995,70367674486,2176596202,1904275,5641695050,10814299,18508,5644451427,10742197,26462999992,2210851675,7662796051,3374412,<not supported>,18183377,<not supported>,10417148,<not supported>,<not supported>,2164030563,676124,4720954,638992,3828729,26580273351,2175190609,7675733944,2312264,<not supported>,<not supported>,273641,1315436
2mm127_main_mlir,13.977077,55818143060,70318863868,2169450990,2297955,5654301666,10542784,18508,5633597317,10444081,26581917672,2256860004,7660460718,7006305,<not supported>,27889430,<not supported>,8451862,<not supported>,<not supported>,2156521919,664258,2755026,160085,665516,26526242371,2180973653,7674209551,2345258,<not supported>,<not supported>,446376,1330412
2mm128_main_mlir,14.079611,55949405734,70150828834,2165530880,1412262,5649163495,10723460,18510,5671817751,10690873,26575769168,2224790433,7646019765,5462016,<not supported>,19644323,<not supported>,8205685,<not supported>,<not supported>,2164849157,1125390,5096958,642346,3827793,26665230977,2190392013,7710043498,2281977,<not supported>,<not supported>,20858,1563197
2mm129_main_mlir,14.044484,55934114693,70454091719,2184391761,1766068,5616028245,10334355,18510,5627388040,10610768,26432784935,2242671344,7680066862,7853935,<not supported>,23666153,<not supported>,8663596,<not supported>,<not supported>,2153752413,1089153,4632869,609426,3870698,26570973514,2181731006,7674690094,2252820,<not supported>,<not supported>,9033,1284238
2mm130_main_mlir,14.047604,55916831233,70343186438,2175558250,1799843,5623533588,10334482,18509,5635045625,10537621,26543672196,2245065908,7704624018,3470714,<not supported>,28796424,<not supported>,10158569,<not supported>,<not supported>,2150111313,829139,4007647,226135,3293253,26512502637,2185074260,7651861518,2185942,<not supported>,<not supported>,22861,1193946
2mm131_main_mlir,13.893085,55634217593,70139241573,2156636288,2033215,5608057624,10474024,18509,5618990584,10430638,26527698727,2252322179,7646621945,7034999,<not supported>,24111646,<not supported>,9909652,<not supported>,<not supported>,2163601466,751286,4160878,157053,3186959,26561966252,2177068270,7716641027,2410025,<not supported>,<not supported>,8189,1264936
2mm132_main_mlir,13.990362,55890210955,70357439435,2170436067,2242932,5648529656,10573951,18509,5650239247,10582136,26531832250,2230566357,7627581680,6361381,<not supported>,24300095,<not supported>,9036737,<not supported>,<not supported>,2170848429,944499,2923672,132171,2395587,26598836672,2188453229,7681914893,2284673,<not supported>,<not supported>,10943,2719601
2mm133_main_mlir,14.069078,55982913149,70146146857,2166253360,1624054,5642463565,10528119,18509,5625494545,10341646,26585209098,2259317736,7663817734,4869043,<not supported>,28045893,<not supported>,8216519,<not supported>,<not supported>,2160788353,907957,4865514,503969,3793979,26522671964,2177670611,7701824954,2341896,<not supported>,<not supported>,13676,1237458
2mm134_main_mlir,14.061612,55892138165,70274078721,2177907237,1583024,5619993869,10469366,18508,5627058461,10468722,26613983160,2223301918,7694501864,3312307,<not supported>,15050088,<not supported>,8303005,<not supported>,<not supported>,2156822502,805351,5337547,1022684,3864725,26548226290,2172786024,7688070883,4693692,<not supported>,<not supported>,22756,1220827
2mm135_main_mlir,13.971509,55704351809,70082208622,2165503690,1473178,5625987181,10535503,18509,5650152619,10533442,26613629045,2245177262,7679829625,3401048,<not supported>,26015388,<not supported>,10497621,<not supported>,<not supported>,2156646449,954237,5706858,1207232,3559577,26698337965,2176051110,7657918998,2224781,<not supported>,<not supported>,52662,1228686
2mm136_main_mlir,13.897595,55448925311,70278919294,2171588435,1945334,5640154120,10629774,18509,5640161125,10588092,26458759248,2240300960,7659501227,4380610,<not supported>,27412757,<not supported>,8174533,<not supported>,<not supported>,2167234918,981244,2300736,140152,1355914,26517452133,2178905785,7694864502,2349270,<not supported>,<not supported>,155679,1250574
2mm137_main_mlir,14.039004,56125472683,70264934351,2170718216,1615734,5639458367,10616254,18508,5675889837,10867073,26444368178,2231065019,7670303395,4152141,<not supported>,26227970,<not supported>,10416176,<not supported>,<not supported>,2157111024,897118,5329167,974664,3915704,26658637770,2179833161,7675089264,2281725,<not supported>,<not supported>,16226,1229429
2mm138_main_mlir,13.972443,55995955222,70320599594,2178462351,2124014,5630750931,10660183,18507,5623649004,10632314,26461836941,2253509713,7662263781,7489471,<not supported>,27701789,<not supported>,12599215,<not supported>,<not supported>,2156131865,957056,2580328,145642,1474340,26510266273,2185647896,7707168869,2367080,<not supported>,<not supported>,181420,1370124
2mm139_main_mlir,13.924445,55758363220,70257382068,2170514458,2136944,5654828798,10780970,18506,5655062248,10746157,26505510735,2241078814,7687002351,6730701,<not supported>,25720751,<not supported>,10377883,<not supported>,<not supported>,2160889101,1123544,2301664,127995,201371,26561649865,2188554554,7669025525,2299607,<not supported>,<not supported>,148812,1295807
2mm140_main_mlir,14.014305,55894047663,70314374204,2168390744,1890512,5683039401,10830268,18508,5685623244,10794116,26499444377,2240142401,7661742975,6096888,<not supported>,28389059,<not supported>,8128690,<not supported>,<not supported>,2166805230,1048302,2418103,137898,1473995,26535277974,2192671340,7658163554,2254300,<not supported>,<not supported>,206840,1316414
2mm141_main_mlir,14.034750,55945667337,70416395241,2181516680,1893593,5633014411,10631467,18506,5665337978,10888412,26394546259,2232919532,7696673136,3367374,<not supported>,26923404,<not supported>,8498477,<not supported>,<not supported>,2159080499,973798,4078169,313287,3527305,26612454726,2191476043,7677725129,2244236,<not supported>,<not supported>,10249,1227977
2mm142_main_mlir,13.901914,55416590696,70072349627,2159740651,1782299,5667490014,10941539,18505,5672653675,10710072,26582496476,2225761317,7685740876,4430850,<not supported>,15409307,<not supported>,10032448,<not supported>,<not supported>,2168925661,556457,3989044,237661,3340751,26471142803,2170889021,7679430125,2321900,<not supported>,<not supported>,239879,2100385
2mm143_main_mlir,14.015667,55915167933,70361123788,2170037275,2040676,5674092130,10831457,18509,5677874540,10806657,26517567097,2239691019,7689459228,4346975,<not supported>,27814009,<not supported>,8618269,<not supported>,<not supported>,2160361350,1082246,2604839,153849,1155542,26494449541,2189943271,7638897559,4519455,<not supported>,<not supported>,193696,1307607
2mm144_main_mlir,14.093704,56142207302,70322871413,2168738052,1566510,5671140808,10861351,18509,5669457863,10628448,26538200623,2253827280,7638142445,4410706,<not supported>,26314204,<not supported>,8228045,<not supported>,<not supported>,2163744931,1145339,4306818,526896,3693556,26602805904,2182685878,7712246564,2381670,<not supported>,<not supported>,368165,1267328
2mm145_main_mlir,13.999828,55881506915,70368525475,2164918235,1663682,5651615986,10825573,18508,5662070445,10817693,26488081544,2248579383,7656289124,7366083,<not supported>,25537894,<not supported>,8411807,<not supported>,<not supported>,2153088648,1060735,3684308,164308,2635677,26625671551,2187112138,7694266228,2298151,<not supported>,<not supported>,631302,1222057
2mm146_main_mlir,13.947645,55741356424,70144629591,2180392601,1467579,5624531349,10701019,18508,5651454809,10997922,26530967729,2238377646,7686119116,4226468,<not supported>,27515959,<not supported>,12442140,<not supported>,<not supported>,2156461500,1290737,3654007,140863,2908642,26504363894,2177986816,7663220713,2225597,<not supported>,<not supported>,360971,1388725
2mm147_main_mlir,13.940674,55688132564,70260399938,2180108244,2119766,5637458064,10510837,18508,5660660243,10723242,26462388728,2234865575,7691436901,5350943,<not supported>,25682038,<not supported>,8523768,<not supported>,<not supported>,2158147169,1190642,2387968,160177,338983,26628550846,2196356395,7660535771,2236302,<not supported>,<not supported>,11878,1185456
2mm148_main_mlir,14.038008,55939773850,70315615750,2179877077,1496165,5617982159,10441652,18507,5651508079,10742619,26445773434,2239298114,7679755298,5677969,<not supported>,27934804,<not supported>,8593361,<not supported>,<not supported>,2153475368,1061711,5182622,1011366,3869464,26722068453,2191279253,7680134587,2246418,<not supported>,<not supported>,6714,1159963
2mm149_main_mlir,13.878431,55656716000,70348290420,2175400942,1382696,5645601619,10821842,18507,5641789014,10746054,26521340104,2205170632,7669204037,3335486,<not supported>,13314349,<not supported>,10076535,<not supported>,<not supported>,2159541792,784947,5626944,989445,3830371,26567894406,2173940202,7695750376,2239834,<not supported>,<not supported>,7512,1191292
2mm150_main_mlir,14.006830,55793688378,70177953369,2163834413,1353508,5665746309,10812944,18507,5680930796,10812298,26528889184,2242907471,7662324285,4055693,<not supported>,25964330,<not supported>,7988708,<not supported>,<not supported>,2172561050,739533,3985023,272841,3443471,26584760114,2187221234,7661516562,2363067,<not supported>,<not supported>,9812,1259182
2mm151_main_mlir,14.067684,55815264929,70202848311,2177638898,1741031,5625328720,10322851,18505,5636952853,10286722,26522558071,2253880844,7671706102,4133238,<not supported>,25877208,<not supported>,8721381,<not supported>,<not supported>,2159513233,1039101,4143076,331036,3614072,26542585125,2173540070,7674144154,2418375,<not supported>,<not supported>,250941,1253575
2mm152_main_mlir,13.851114,55481900122,70233749174,2168546481,1216022,5634979690,10597965,18508,5643156782,10656201,26502022645,2191025472,7696741878,3824871,<not supported>,13461407,<not supported>,9713972,<not supported>,<not supported>,2156073023,574201,4596576,424536,3752709,26583736929,2185303870,7676381912,2293903,<not supported>,<not supported>,13358,1208230
2mm153_main_mlir,14.044605,55807286439,70170587409,2177236642,1605992,5628153068,10623634,18509,5654894453,10879165,26543124984,2242913089,7676235111,3416364,<not supported>,27725987,<not supported>,8552460,<not supported>,<not supported>,2155666701,1042116,4046073,271870,3433869,26583374591,2188357623,7662397021,2258267,<not supported>,<not supported>,14307,1217474
2mm154_main_mlir,14.103267,56037664864,70192474851,2166467601,2205711,5665839701,10871867,18507,5672115377,10918151,26498283624,2243232658,7691706143,7889724,<not supported>,28052688,<not supported>,8091940,<not supported>,<not supported>,2171296292,1256454,2658393,135557,189482,26508590198,2173326917,7660960950,2344548,<not supported>,<not supported>,181589,1249063
2mm155_main_mlir,13.879289,55650220579,70318417838,2172497969,1419804,5647419038,10682001,18505,5657138277,10679441,26544908346,2250181287,7670414829,4378290,<not supported>,23809732,<not supported>,10465849,<not supported>,<not supported>,2156616564,803316,4757209,470705,3802572,26576247682,2178788997,7668432470,2296167,<not supported>,<not supported>,363602,1250264
2mm156_main_mlir,14.022628,55930373483,70090682291,2165383018,1700338,5672475369,11077312,18509,5681651718,11025499,26614139185,2250756423,7674641406,5392942,<not supported>,27409817,<not supported>,10677794,<not supported>,<not supported>,2165838420,978404,5381011,860379,3915497,26627357691,2180727601,7664824523,2269507,<not supported>,<not supported>,457270,1253847
2mm157_main_mlir,13.957816,55810456564,70271867721,2173971798,1625221,5641216051,10897018,18508,5656707543,10989588,26529520336,2240790607,7676240817,4181395,<not supported>,27441993,<not supported>,10339876,<not supported>,<not supported>,2160565901,766000,4180818,372603,3691549,26568102482,2178249125,7665045349,2246823,<not supported>,<not supported>,195501,1262176
2mm158_main_mlir,13.972052,55902512236,70335377234,2176443777,2080255,5648657773,10614411,18507,5641610155,10596520,26466118852,2235404421,7665805556,6992185,<not supported>,23975020,<not supported>,10090443,<not supported>,<not supported>,2149864187,1178885,2642055,139793,649185,26537717633,2190020858,7676422470,2241000,<not supported>,<not supported>,7026,1208904
2mm159_main_mlir,14.055512,56096992518,70291805815,2174721031,1729272,5636535958,10540925,18508,5640209224,10586070,26474213701,2240706247,7684181385,6257079,<not supported>,27540831,<not supported>,10504215,<not supported>,<not supported>,2165246253,632886,3329793,119717,2606583,26537246006,2188173720,7687007565,2293328,<not supported>,<not supported>,77397,1221663
2mm160_main_mlir,14.015827,55933991402,70177840445,2164124220,2392408,5660832629,10736337,18509,5652738831,10722611,26555102416,2249407538,7682885329,5314566,<not supported>,25566133,<not supported>,10453104,<not supported>,<not supported>,2163156357,1104153,2619313,143405,406013,26528104860,2189507304,7680725643,2343965,<not supported>,<not supported>,58159,1429073
2mm161_main_mlir,13.989451,55770767841,70210724889,2172205138,1431785,5633597249,10806748,18508,5645493998,10792539,26506985080,2243867276,7686919706,3086016,<not supported>,27841370,<not supported>,10516687,<not supported>,<not supported>,2168610147,1537137,4503658,595454,3880710,26525697908,2175209372,7663993825,2301398,<not supported>,<not supported>,320143,1284359
2mm162_main_mlir,14.036800,55990962162,70392707433,2180297487,2165510,5660787679,10889198,18510,5677852675,10956965,26453009777,2236771011,7680310730,6924256,<not supported>,27330768,<not supported>,8555895,<not supported>,<not supported>,2156055702,1109827,2690350,140142,146784,26557430599,2195341745,7659824250,2232242,<not supported>,<not supported>,132151,1337115
2mm163_main_mlir,13.991196,55676244436,70133840586,2155077289,1976389,5646729652,10639566,18509,5635065775,10447142,26570986552,2206620551,7670712081,3653194,<not supported>,11647095,<not supported>,8360344,<not supported>,<not supported>,2163091261,741077,3724253,130022,3087479,26487723083,2182188637,7704658600,2369731,<not supported>,<not supported>,251958,1287131
2mm164_main_mlir,14.002279,55816619954,70238620881,2162313252,1475924,5637988480,11159806,18507,5655731705,11176293,26564736159,2246869594,7698330446,4516066,<not supported>,26770344,<not supported>,9270928,<not supported>,<not supported>,2157824046,1383523,4563267,375714,3706947,26543068140,2192883882,7664408835,2263951,<not supported>,<not supported>,27735,1233219
2mm165_main_mlir,14.207539,56112305566,70137254847,2154792687,1801969,5636056521,10803436,18508,5658211006,10854140,26570769654,2245975283,7689612118,5985591,<not supported>,26453706,<not supported>,8565925,<not supported>,<not supported>,2156462304,1094977,3677931,130008,2766973,26581131229,2190527084,7673234637,2306490,<not supported>,<not supported>,42974,1266267
2mm166_main_mlir,14.080703,56364611206,70295686621,2176557884,1674975,5636124426,10575638,18509,5639730964,10608442,26482301115,2254169143,7668011461,5150180,<not supported>,27419320,<not supported>,17351398,<not supported>,<not supported>,2161325321,954414,3731265,122098,3166835,26623954231,2190380987,7677268548,2232242,<not supported>,<not supported>,45156,8647670
2mm167_main_mlir,13.969828,55896689656,70279979392,2170871354,2111525,5636946035,10500617,18509,5616636205,10432857,26528213012,2249008319,7667274682,6607989,<not supported>,25267434,<not supported>,12020140,<not supported>,<not supported>,2159788095,1090320,2633097,142851,786317,26502316927,2182332971,7690729674,2368033,<not supported>,<not supported>,39069,1254670
2mm168_main_mlir,13.913379,55736322697,70221243336,2167088708,1996293,5652908273,11060923,18509,5656369435,10962063,26477450949,2243650789,7684596117,7915534,<not supported>,26789072,<not supported>,12716222,<not supported>,<not supported>,2162464657,1239052,2271234,134505,216533,26610308335,2198531466,7669868968,2298534,<not supported>,<not supported>,518087,1436005
2mm169_main_mlir,14.094149,55978815189,70241116000,2166438205,2086535,5663880017,10674755,18508,5673129409,10658932,26498165889,2248516048,7673331318,5509653,<not supported>,28024790,<not supported>,8009030,<not supported>,<not supported>,2174379886,1237714,2686506,145893,132200,26509688726,2178606887,7661408767,2339883,<not supported>,<not supported>,34900,1257565
2mm170_main_mlir,14.116933,56302962572,70294679373,2166419685,1528015,5678812810,12014726,18510,5678996136,11795226,26502980024,2251673490,7646280532,5949341,<not supported>,28103176,<not supported>,8596741,<not supported>,<not supported>,2160784774,992930,3878572,117804,2596183,26605925281,2197352305,7683305178,2279218,<not supported>,<not supported>,38820,3418921
2mm171_main_mlir,14.059978,56016263458,70335055999,2174571775,1633360,5639126593,10513224,18510,5636173738,10490210,26435927999,2240722014,7678252693,5702718,<not supported>,24055342,<not supported>,8481687,<not supported>,<not supported>,2163582172,1101581,4216220,332827,3456084,26582414282,2184963952,7692426792,2309605,<not supported>,<not supported>,37312,4410732
2mm172_main_mlir,14.020975,55762249293,70342129944,2175379631,1380749,5670377528,10930248,18508,5672463085,10920034,26490688033,2194618044,7690810763,4448060,<not supported>,10394725,<not supported>,8560691,<not supported>,<not supported>,2159021929,1159252,4261244,534254,3769925,26514340570,2185166060,7646606777,2222296,<not supported>,<not supported>,231668,1448760
2mm173_main_mlir,14.078919,55911298641,70377532979,2171208308,1601687,5627447945,10424757,18508,5616223278,10390785,26538781834,2246278665,7661970928,3432954,<not supported>,25582182,<not supported>,7888740,<not supported>,<not supported>,2168373391,705452,4441462,643096,3723073,26528225297,2176460619,7691329919,2318364,<not supported>,<not supported>,40317,1273316
2mm174_main_mlir,14.077672,56004205423,70339128139,2166810814,1949094,5659013342,10779497,18509,5649395387,10541478,26485888523,2256261150,7656177265,3559440,<not supported>,28149100,<not supported>,7885523,<not supported>,<not supported>,2159367198,696848,4119101,353660,3501470,26521489825,2179952116,7703672943,2292499,<not supported>,<not supported>,39463,1261296
2mm175_main_mlir,14.034569,55910428139,70339041882,2170087887,1952169,5623860224,10630783,18508,5649019861,10795056,26463906646,2223408789,7689313825,6889758,<not supported>,19841515,<not supported>,8449513,<not supported>,<not supported>,2155740337,721097,3742318,137416,2561132,26562803662,2184607136,7675447665,2265604,<not supported>,<not supported>,37693,2271771
2mm176_main_mlir,14.038104,55691151747,70298196649,2171236244,1773970,5606673159,10338664,18507,5635212203,10674877,26450167554,2232417447,7672011753,4656003,<not supported>,25626496,<not supported>,8504022,<not supported>,<not supported>,2151699796,596678,5718146,1979841,3435752,26670698595,2184162636,7694852243,2185157,<not supported>,<not supported>,33450,1182650
2mm177_main_mlir,14.073131,55754775755,70142461933,2162186563,1724995,5622044748,10329744,18510,5635236174,10298255,26575725146,2256356124,7679451775,3574728,<not supported>,27717417,<not supported>,8395829,<not supported>,<not supported>,2150981795,891127,3799066,126896,3163026,26525865511,2179078299,7687610096,2312154,<not supported>,<not supported>,43813,1251734
2mm178_main_mlir,14.056429,55840616042,70377082378,2175287868,1888079,5621720261,10296818,18507,5623696168,10330328,26553236229,2240399397,7683223075,3805978,<not supported>,27413846,<not supported>,8600104,<not supported>,<not supported>,2154707708,851346,3587006,126497,2480993,26470662761,2178111516,7667354826,2329944,<not supported>,<not supported>,154385,1330639
2mm179_main_mlir,13.995641,55491197790,70137784879,2144430480,1774897,5660738555,10915651,18510,5675034844,10899404,26505572062,2212577676,7688314887,5894209,<not supported>,15069329,<not supported>,8110622,<not supported>,<not supported>,2155286119,790788,3488618,127831,2869803,26516270376,2176450545,7657701954,2299497,<not supported>,<not supported>,53223,1281889
2mm180_main_mlir,14.058743,55973566363,70399227042,2175045655,1450455,5640149438,10724893,18507,5662409256,10720866,26575034042,2239447216,7707337121,4049071,<not supported>,27632078,<not supported>,10639947,<not supported>,<not supported>,2150211961,967441,3286616,133812,2437682,26462215026,2188037259,7686374630,2227066,<not supported>,<not supported>,44539,1215388
2mm181_main_mlir,13.970655,55652046216,70275535819,2173694663,1669226,5632828960,10746675,18509,5626487210,10770910,26457934780,2234960015,7665612509,4442900,<not supported>,25513062,<not supported>,10937373,<not supported>,<not supported>,2157139422,947055,2354080,155033,1488898,26607527050,2196328092,7680369375,2235332,<not supported>,<not supported>,147449,1419651
2mm182_main_mlir,13.955921,55664125370,70415386969,2184424239,2067590,5631359402,10386342,18508,5632660192,10561006,26497769552,2223516734,7676838013,9907439,<not supported>,20625701,<not supported>,8681965,<not supported>,<not supported>,2149690086,803705,2415877,141560,137281,26567348310,2186468216,7682006750,2425844,<not supported>,<not supported>,49030,1339671
2mm183_main_mlir,14.102466,56121523193,70238076415,2170819769,1623952,5633281771,10878182,18508,5648403159,10775640,26537498579,2246015770,7668929891,3656396,<not supported>,27890502,<not supported>,10364281,<not supported>,<not supported>,2168013770,930188,3372844,141488,2581826,26505161968,2171633796,7679608574,2616381,<not supported>,<not supported>,316467,1295440
2mm184_main_mlir,13.962188,55632475457,70215437955,2167695944,1718294,5645990558,10572013,18510,5622978343,10323538,26572188907,2256376612,7660424414,4383334,<not supported>,25116696,<not supported>,8371269,<not supported>,<not supported>,2167387902,811001,5555047,2868354,132152,26518361893,2170024658,7728766438,2437912,<not supported>,<not supported>,37192,1248953
2mm185_main_mlir,14.048453,55891789237,70322226059,2165969344,1930014,5630968238,10634450,18510,5651645244,10803335,26534066031,2244698383,7676727164,4754263,<not supported>,25709172,<not supported>,10229015,<not supported>,<not supported>,2158531425,648240,3059265,130478,2308056,26434948776,2183386072,7673707664,2282613,<not supported>,<not supported>,41132,1235610
2mm186_main_mlir,14.018521,55659130097,70247609568,2165332970,2156734,5666992637,10749850,18508,5676102631,10792846,26526462372,2245287412,7688125715,8643448,<not supported>,26182319,<not supported>,8286422,<not supported>,<not supported>,2161964578,977290,2279377,151144,124704,26555660325,2194496068,7670507614,2239525,<not supported>,<not supported>,194399,1271319
2mm187_main_mlir,14.028636,55807002865,70298764234,2170271234,1511392,5643237867,10746458,18509,5658674380,10818080,26422541029,2241664501,7693552986,5422384,<not supported>,26050099,<not supported>,8697143,<not supported>,<not supported>,2148166666,861586,4329940,279758,3538970,26657823984,2197532568,7676264946,2211626,<not supported>,<not supported>,138090,1356615
2mm188_main_mlir,14.062730,55985431807,70212722984,2173301952,2218741,5642010819,10693862,18510,5654703214,10672154,26512017231,2237535028,7692644500,7005519,<not supported>,27770897,<not supported>,11207153,<not supported>,<not supported>,2158755342,772888,2355694,159949,776947,26537518789,2193258982,7671711082,2278119,<not supported>,<not supported>,74690,1265132
2mm189_main_mlir,14.018229,55783717534,70248066471,2159417455,1524066,5640940116,10995445,18509,5652737512,11040406,26500782748,2248405733,7686644389,5947593,<not supported>,27373619,<not supported>,8784160,<not supported>,<not supported>,2153735252,1066958,4202838,144562,3228408,26624009845,2199530496,7671216536,2164931,<not supported>,<not supported>,500381,1399768
2mm190_main_mlir,14.085309,56105170723,70333517149,2170384675,1266803,5631695517,10495293,18508,5641290195,10505044,26544172931,2245317491,7654703290,5438283,<not supported>,25695674,<not supported>,10094468,<not supported>,<not supported>,2151528410,1262401,4164467,408316,3526266,26570151467,2182756123,7709895858,2395588,<not supported>,<not supported>,39658,1227753
2mm191_main_mlir,14.076279,56049754195,70238475377,2170740817,1586889,5637183745,10706292,18509,5645379126,10625510,26602630375,2239840727,7682694088,3391316,<not supported>,25766294,<not supported>,10557127,<not supported>,<not supported>,2169387840,775723,4082257,1349087,820020,26468743484,2165135648,7711355658,2368840,<not supported>,<not supported>,224214,1322612
2mm192_main_mlir,14.107953,55952004352,70202178472,2165969258,2031201,5667293142,10897939,18506,5669545434,10835787,26458616363,2247092096,7686561176,7353303,<not supported>,28245811,<not supported>,8119788,<not supported>,<not supported>,2170764088,945745,2269865,162961,1385749,26551963836,2190901856,7677359073,2301310,<not supported>,<not supported>,211930,1412732
2mm193_main_mlir,14.041412,55872245106,70351226457,2167597905,1700005,5641257324,10757748,18506,5672571845,10870624,26541629992,2241672332,7689448564,3697169,<not supported>,24105763,<not supported>,10550180,<not supported>,<not supported>,2157576929,1067470,3525091,125325,2849247,26476541216,2182846612,7676173626,2290151,<not supported>,<not supported>,42936,1247136
2mm194_main_mlir,13.993090,55977807540,70185225537,2168326109,1526900,5636730182,11027667,18510,5660333896,11091350,26446172830,2246053215,7685663885,8221264,<not supported>,21481562,<not supported>,12506264,<not supported>,<not supported>,2166062702,1091044,4057308,390468,3537979,26562930012,2181255770,7699305082,2289613,<not supported>,<not supported>,648120,1350501
2mm195_main_mlir,13.948523,55801725370,70435094221,2181285492,1947922,5637601086,10626911,18510,5653532352,10914333,26389782590,2183358055,7701202095,6943038,<not supported>,10363610,<not supported>,10316893,<not supported>,<not supported>,2158807126,1007889,2298293,144743,149986,26589613342,2196672744,7674210101,2209759,<not supported>,<not supported>,36973,1203522
2mm196_main_mlir,14.025622,55893139928,70213356581,2171318482,1868842,5668481012,11001264,18509,5669074272,11010624,26472010645,2252269260,7706874250,8479611,<not supported>,28023920,<not supported>,12606246,<not supported>,<not supported>,2160575011,1255583,2357022,142022,1456587,26472530486,2192304491,7666631507,2169140,<not supported>,<not supported>,73384,1185049
2mm197_main_mlir,14.045726,56056648951,70343056947,2178627432,1811400,5641188403,10939860,18507,5669412009,11208237,26446329592,2237242244,7680588329,7072531,<not supported>,27210479,<not supported>,10123816,<not supported>,<not supported>,2161350208,1087436,2635910,143947,1059388,26520566762,2192874457,7682479388,2219862,<not supported>,<not supported>,144185,1360085
2mm198_main_mlir,13.990339,55864986041,70323368533,2175055600,2098537,5641885917,10567848,18509,5654628887,10585579,26548856122,2239914964,7668933676,4491433,<not supported>,26847142,<not supported>,10079607,<not supported>,<not supported>,2163238184,1105833,2405985,149352,549798,26488722555,2182442360,7671654326,2278043,<not supported>,<not supported>,37209,1231759
2mm199_main_mlir,13.981162,55779713686,70301828496,2171385505,1965697,5664683968,10752669,18510,5664377361,10672433,26499443387,2247181997,7646944878,4737095,<not supported>,27232496,<not supported>,8199149,<not supported>,<not supported>,2161163193,1077083,2711549,140265,127134,26530053323,2178479076,7670925903,2290874,<not supported>,<not supported>,33841,1231911
2mm200_main_mlir,14.268850,56590550309,70555321832,2174378035,1682147,5644788972,10864792,18510,5640560497,10740175,26462783164,2263122563,7649698021,7036377,<not supported>,28667931,<not supported>,14610555,<not supported>,<not supported>,2164670999,907386,3558905,134783,2769766,26606530287,2190734983,7705994989,2276112,<not supported>,<not supported>,399957,1384693
2mm201_main_mlir,14.076877,55973498969,70032919586,2151571228,2063933,5629100277,10689887,18507,5637577652,10732689,26575471132,2247130100,7663028594,5528495,<not supported>,25700726,<not supported>,11144496,<not supported>,<not supported>,2145331698,829447,2732578,149899,457972,26569695014,2179114494,7669714875,2333258,<not supported>,<not supported>,42385,2356293
2mm202_main_mlir,14.117154,56155309317,70154267623,2160417151,1472766,5659173287,10975385,18509,5663949473,10802132,26521409268,2254324860,7681183952,5500810,<not supported>,27607154,<not supported>,10392948,<not supported>,<not supported>,2168916213,848821,4386868,629086,3756189,26598049200,2182539988,7655349103,2266581,<not supported>,<not supported>,465107,1372273
2mm203_main_mlir,13.916869,55462378965,70079810603,2157677520,1688580,5668564953,11104276,18508,5667216540,10960162,26535979962,2213430264,7672257679,3701505,<not supported>,12906375,<not supported>,10421867,<not supported>,<not supported>,2170257839,841296,3981750,141873,3096006,26618300923,2192195272,7672295734,2208576,<not supported>,<not supported>,456091,1311342
2mm204_main_mlir,14.031255,56219275181,70300114876,2174413706,1704144,5642643004,10895992,18508,5661647531,10952776,26504594967,2247820488,7663355219,5120034,<not supported>,27515602,<not supported>,18267510,<not supported>,<not supported>,2159936003,1261983,3166987,129883,1940378,26539008538,2188731909,7681683880,2312492,<not supported>,<not supported>,167203,1395408
2mm205_main_mlir,13.994310,55632153150,69984495987,2162906867,1876830,5641220030,10940467,18509,5671920622,10825600,26615569419,2258286475,7682008846,7257490,<not supported>,27670582,<not supported>,10144426,<not supported>,<not supported>,2168303166,880990,2301234,136199,208816,26552444568,2185446603,7696862525,2356519,<not supported>,<not supported>,492374,1325159
2mm206_main_mlir,13.969516,56223916152,70391182669,2171211389,1999778,5645727763,10729807,18507,5645660711,10699389,26449336207,2258534744,7663762842,7279952,<not supported>,26927642,<not supported>,13065601,<not supported>,<not supported>,2160831165,1327798,2695335,143860,483600,26609914484,2188784320,7691577575,2260897,<not supported>,<not supported>,10660,2293247
2mm207_main_mlir,13.901243,55412186656,70135642131,2163528808,1728118,5666753812,10960029,18508,5668489670,10853310,26511674648,2250915026,7665326670,5513635,<not supported>,26804835,<not supported>,7960293,<not supported>,<not supported>,2171505577,1113587,2597169,145014,951456,26527917607,2182549756,7695475402,2315062,<not supported>,<not supported>,8740,1242090
2mm208_main_mlir,14.032160,55873992554,70343182680,2179604106,1619731,5656704998,10777897,18509,5676042736,10806533,26456660540,2233372265,7682419606,4149898,<not supported>,23857982,<not supported>,8710627,<not supported>,<not supported>,2160570296,751530,4300725,227486,3239974,26575430145,2192128009,7652158297,2171210,<not supported>,<not supported>,13901,1187848
2mm209_main_mlir,14.101887,56071717284,70306122202,2165364256,1629775,5649700196,10816296,18508,5658402098,10674394,26545031273,2258747418,7668719256,5429472,<not supported>,27519736,<not supported>,8173611,<not supported>,<not supported>,2172248586,1036698,4592392,622510,3859631,26651485400,2189587033,7709643477,2333030,<not supported>,<not supported>,48794,1264601
2mm210_main_mlir,14.055258,55659310996,69996509866,2168165232,1868935,5608922590,10298859,18509,5633871386,10334129,26563982318,2236988761,7702867811,5685013,<not supported>,24333900,<not supported>,8685440,<not supported>,<not supported>,2154297837,1255509,4183202,327931,3602715,26606005101,2181212576,7672873806,2188590,<not supported>,<not supported>,29643,1483796
2mm211_main_mlir,14.067101,55925378050,70186855047,2162491945,2593388,5628649755,10445534,18508,5620301113,10365081,26589131223,2251526601,7681664383,5071183,<not supported>,27382106,<not supported>,8856261,<not supported>,<not supported>,2150027124,1658063,2596606,133815,132670,26538299393,2183308447,7670999539,2295742,<not supported>,<not supported>,88561,1340611
2mm212_main_mlir,13.976331,55861721226,70196644525,2162366450,1976154,5641822967,10520920,18507,5648850984,10546401,26551528545,2248423315,7681930344,4776799,<not supported>,23407072,<not supported>,10936544,<not supported>,<not supported>,2144193879,1525365,2599058,133347,159291,26574955777,2189159042,7668733455,2290437,<not supported>,<not supported>,19925,1207122
2mm213_main_mlir,13.958578,55954779276,70343111723,2179553974,1239502,5625267104,10711482,18509,5632397758,10697387,26556833862,2241032315,7699779189,3009958,<not supported>,26446099,<not supported>,11779632,<not supported>,<not supported>,2151918074,760457,5070799,714366,4053930,26615185642,2189827456,7676578010,2211569,<not supported>,<not supported>,227001,2268164
2mm214_main_mlir,13.989279,55512555456,70018298879,2152622515,1591717,5655578014,10923165,18509,5675094891,10878718,26529997821,2240513017,7672189378,5033989,<not supported>,25160394,<not supported>,8361268,<not supported>,<not supported>,2178799505,683703,3722089,1264670,147626,26533535322,2189437398,7705176065,2267857,<not supported>,<not supported>,132090,1258654
2mm215_main_mlir,14.067768,56041693239,70319553782,2171703094,1319793,5642403915,10501026,18506,5632332961,10434569,26563727456,2263880230,7664937930,3907713,<not supported>,23828733,<not supported>,8409819,<not supported>,<not supported>,2159837320,988757,5277073,1417893,3046933,26629081030,2166246136,7685287579,2355817,<not supported>,<not supported>,239587,1304603
2mm216_main_mlir,14.085691,56122354348,70301126890,2171721365,1604807,5656922124,11980730,18509,5667229465,11955661,26465706186,2248118715,7659178211,5080257,<not supported>,27647138,<not supported>,8034230,<not supported>,<not supported>,2172167271,788109,4953804,842290,3859225,26594860698,2175976330,7685657765,2356362,<not supported>,<not supported>,8231,3343028
2mm217_main_mlir,13.997434,55768659052,70224788789,2156921526,1786581,5664978284,10866513,18508,5663361322,10695013,26490701436,2247601775,7651728154,3586039,<not supported>,27308491,<not supported>,8105880,<not supported>,<not supported>,2164104700,781749,4253038,430002,3770552,26530378026,2175552154,7712044964,2363419,<not supported>,<not supported>,138536,3510444
2mm218_main_mlir,13.922813,55670275108,70164574377,2161914440,1709666,5640156951,10877763,18508,5658373925,10911522,26544112495,2240397940,7672936694,3667683,<not supported>,25386531,<not supported>,10656673,<not supported>,<not supported>,2156313912,659732,3920854,223373,3327041,26585716549,2188838132,7676782981,2246646,<not supported>,<not supported>,259538,1472872
2mm219_main_mlir,14.035181,56070658988,70361225994,2173123007,2103394,5682882180,11017786,18508,5677883534,10830789,26507373787,2249511272,7698614767,4889880,<not supported>,27053662,<not supported>,10368844,<not supported>,<not supported>,2168368716,1069577,2668288,154337,610024,26461883336,2183126018,7651192465,2227056,<not supported>,<not supported>,17133,1204418
2mm220_main_mlir,13.979246,55994332138,70463419538,2176810523,1726777,5650913698,10824432,18507,5642382492,10767842,26563347410,2260439484,7616027501,7646879,<not supported>,26909366,<not supported>,9635002,<not supported>,<not supported>,2161455891,659488,4394529,245407,3459774,26549859168,2176783747,7742093362,2323568,<not supported>,<not supported>,140174,1252835
2mm221_main_mlir,13.882907,55607953102,70303923156,2171383845,1660816,5669063604,10765197,18508,5666963099,10738886,26516886870,2209710104,7675527741,3950530,<not supported>,14769946,<not supported>,8144044,<not supported>,<not supported>,2173813685,916116,5463542,1438348,3208869,26577408684,2170262753,7672964213,2314555,<not supported>,<not supported>,85335,1226146
2mm222_main_mlir,14.032946,55769537935,70248667284,2169978540,1829721,5636496909,10677947,18509,5679658839,10916772,26476903525,2234367751,7671332664,4101488,<not supported>,27859229,<not supported>,8537148,<not supported>,<not supported>,2148440984,1093026,4718662,676204,3924788,26673955499,2188319487,7658271577,2239780,<not supported>,<not supported>,149826,1202717
2mm223_main_mlir,14.029728,55779989900,70263827292,2175633975,1663409,5640352915,10858155,18508,5664959540,10918277,26422836391,2191197431,7677123321,5416619,<not supported>,12241546,<not supported>,8912405,<not supported>,<not supported>,2159456054,1339435,4567169,419105,3708134,26651167766,2196506386,7694264082,2243624,<not supported>,<not supported>,258624,1187746
2mm224_main_mlir,14.024566,55919562560,70333771709,2176097495,1781033,5667761704,10928932,18509,5669601218,10948319,26447243452,2231661605,7665070981,3687810,<not supported>,27026719,<not supported>,8705524,<not supported>,<not supported>,2157756124,924986,3701581,115987,2699243,26617076632,2195562661,7667765927,2186464,<not supported>,<not supported>,140100,1343530
2mm225_main_mlir,14.016948,55738416034,70100069924,2156118974,1918644,5656569055,10783099,18509,5673579904,10830151,26539116060,2221272516,7699540444,3185585,<not supported>,20543624,<not supported>,8650773,<not supported>,<not supported>,2150784980,1142937,4629351,456402,3802216,26594592480,2194447454,7683221403,2218816,<not supported>,<not supported>,402778,1281439
2mm226_main_mlir,13.977077,55862297910,70243934201,2165296195,1765682,5632596808,10650328,18510,5639415053,10647338,26512905962,2252564690,7674168594,5225629,<not supported>,27348606,<not supported>,10423784,<not supported>,<not supported>,2151870886,902047,5056659,635666,3814497,26655395221,2186796844,7688768962,2297405,<not supported>,<not supported>,134214,1411721
2mm227_main_mlir,13.980085,55827296441,70323854091,2174933263,1474276,5645442056,10634007,18508,5665471004,10574621,26600209320,2253628258,7661970537,5847138,<not supported>,26796265,<not supported>,10905638,<not supported>,<not supported>,2163081602,1021888,5264333,993452,3987759,26623847149,2182287013,7685256278,2303068,<not supported>,<not supported>,12855,1207688
2mm228_main_mlir,14.143694,56148685473,70377395062,2179376293,2008331,5632292847,10606364,18508,5646080113,10929181,26423973572,2239224032,7689082170,4865201,<not supported>,27658733,<not supported>,8679113,<not supported>,<not supported>,2159956011,1431245,2258029,145399,740347,26581847643,2195707994,7678134275,2214562,<not supported>,<not supported>,16068,1247348
2mm229_main_mlir,13.998165,55656129685,70207337263,2164337391,1624024,5665921936,10724165,18509,5657292695,10539442,26574600114,2212955767,7672474912,3573328,<not supported>,14059554,<not supported>,8095199,<not supported>,<not supported>,2173328031,771654,3536762,114436,2910449,26497700050,2178241146,7679685332,2327439,<not supported>,<not supported>,24971,1279857
2mm230_main_mlir,14.038443,56004375117,70305140431,2175154082,1716114,5635266068,10490095,18508,5655283412,10624241,26561677140,2245108564,7674070584,3297229,<not supported>,26323818,<not supported>,10288433,<not supported>,<not supported>,2162076963,1049660,5071790,1088403,3833743,26649929006,2177210031,7677471977,2284841,<not supported>,<not supported>,25988,1204365
2mm231_main_mlir,14.071487,55804700487,70288656113,2176657065,2063329,5641222825,10503335,18508,5643726315,10469605,26544575126,2214626401,7683386990,4627649,<not supported>,16049319,<not supported>,8872180,<not supported>,<not supported>,2152448438,844701,2459210,138575,135047,26472952893,2174090625,7668777738,2278670,<not supported>,<not supported>,19040,1464931
2mm232_main_mlir,14.026874,55819592163,70217231991,2174125010,1748759,5643305702,10737423,18508,5661793407,10853384,26455139538,2246655473,7695419184,6969135,<not supported>,27185729,<not supported>,8454402,<not supported>,<not supported>,2164801174,1181755,5268320,947505,4011385,26656209514,2186993566,7672989611,2239939,<not supported>,<not supported>,10574,1201809
2mm233_main_mlir,14.072093,55951300296,70292106285,2175490078,2307697,5623255444,10532979,18508,5636592439,10551467,26576550091,2250017522,7650665992,5029171,<not supported>,25335873,<not supported>,8595882,<not supported>,<not supported>,2151942257,1230394,3267950,135421,1960925,26470166127,2182775959,7709651583,2383235,<not supported>,<not supported>,11523,1215947
2mm234_main_mlir,13.953182,56131287041,70394165368,2175860382,1742059,5629376882,10719815,18509,5633706662,10620288,26614740346,2248913599,7679739954,7194078,<not supported>,26732857,<not supported>,12907352,<not supported>,<not supported>,2153763343,822117,5157640,733294,3667899,26611229890,2180802091,7678479161,2339204,<not supported>,<not supported>,318399,1382546
2mm235_main_mlir,14.094256,56052384842,70345900743,2169202090,2428508,5671639840,10812050,18508,5651269347,10625323,26530548710,2252082429,7674259596,5218444,<not supported>,27011641,<not supported>,8194754,<not supported>,<not supported>,2173720330,1108402,2326031,136510,223175,26459960851,2177011232,7675906636,2309733,<not supported>,<not supported>,150469,1269738
2mm236_main_mlir,14.065668,56006737986,70326778448,2172473467,1517148,5620548588,10341926,18509,5629778552,10350554,26598959441,2266935339,7687035665,4648696,<not supported>,25791158,<not supported>,8813283,<not supported>,<not supported>,2146973802,1130220,4243198,328798,3481823,26500424240,2176162513,7679263950,2356477,<not supported>,<not supported>,9562,1254646
2mm237_main_mlir,13.951896,55866506505,70386842824,2183491327,2009274,5624117974,10310534,18507,5647278686,10572834,26513594243,2244776264,7694867880,7120747,<not supported>,27415406,<not supported>,12654219,<not supported>,<not supported>,2161074341,1118573,2339336,138952,345386,26350447835,2173939296,7643368417,2208511,<not supported>,<not supported>,19739,1149800
2mm238_main_mlir,13.953985,55958790618,70236880572,2162527310,1945811,5595433162,10418480,18510,5599197407,10565610,26480920151,2243361579,7687762063,6621542,<not supported>,26595459,<not supported>,12631934,<not supported>,<not supported>,2146293061,781740,2361180,140195,1276066,26535079544,2185542236,7712620959,2293654,<not supported>,<not supported>,14143,1209092
2mm239_main_mlir,14.111131,55952249189,70112546806,2157244060,2378863,5655386315,10941782,18510,5674033442,10875741,26457467160,2241014354,7680726369,7673778,<not supported>,27674733,<not supported>,8305456,<not supported>,<not supported>,2169768683,1487087,2553460,135797,121218,26655442336,2196944477,7699289035,2334420,<not supported>,<not supported>,674649,1250030
2mm240_main_mlir,14.050639,55998907890,70161698795,2162319337,1743404,5632864379,10690267,18510,5620277506,10550265,26575064616,2247331115,7690884119,5415804,<not supported>,25556632,<not supported>,12964156,<not supported>,<not supported>,2158591852,1060849,5362278,1235738,3979485,26636018517,2177241941,7678263742,2319594,<not supported>,<not supported>,445443,1393874
2mm241_main_mlir,13.975642,55591629408,70186232439,2167418910,2033029,5635693315,10288926,18508,5622380892,10208737,26563977660,2257447363,7659982804,5497342,<not supported>,26539615,<not supported>,8511286,<not supported>,<not supported>,2159860812,888321,2377204,139701,506737,26523486147,2176410032,7672622964,2362999,<not supported>,<not supported>,346181,1241354
2mm242_main_mlir,14.120052,56006854485,70046562222,2155593741,1825676,5660591808,11072156,18505,5653015235,10774154,26485616982,2244290014,7690207609,4423024,<not supported>,26031356,<not supported>,10422172,<not supported>,<not supported>,2170395383,706005,3586707,133173,2831214,26644145820,2193201514,7679691774,2223985,<not supported>,<not supported>,450833,1302131
2mm243_main_mlir,14.034363,55705668250,70161081876,2171358832,2097118,5644335132,11096204,18508,5662649787,11172470,26496242131,2250207291,7697789610,5669922,<not supported>,27614233,<not supported>,8653701,<not supported>,<not supported>,2159059854,1213318,2424935,142470,131849,26555937828,2197019970,7676520331,2212036,<not supported>,<not supported>,272734,1267032
2mm244_main_mlir,14.102156,56014756726,70388302070,2172828650,2113426,5669032101,10716188,18508,5669089596,10710873,26482689384,2241330960,7662957006,7654492,<not supported>,27748357,<not supported>,8080339,<not supported>,<not supported>,2168655914,1393068,2259912,145611,945652,26560538219,2183700650,7681804713,2339372,<not supported>,<not supported>,35579,1274151
2mm245_main_mlir,14.067330,55950506954,70353880982,2160385423,1794816,5653771685,10548101,18507,5633428264,10331582,26547143659,2249767838,7667681763,5498517,<not supported>,27390925,<not supported>,15129620,<not supported>,<not supported>,2151069066,1095908,2643697,144910,354227,26615094055,2192348475,7698028900,2337325,<not supported>,<not supported>,100496,1420976
2mm246_main_mlir,14.100229,55932770628,70207389357,2165825412,1873883,5651258428,10749534,18510,5655714381,10739771,26478667191,2251091985,7661081251,4378888,<not supported>,27937171,<not supported>,8234448,<not supported>,<not supported>,2174626492,832599,2630747,135079,1715582,26536410125,2186360514,7690414171,2349905,<not supported>,<not supported>,130607,1262417
2mm247_main_mlir,14.081382,55904964647,70268921598,2162366525,1654158,5665915142,10730900,18509,5661916716,10515605,26491708821,2256995859,7656443180,6190861,<not supported>,28314090,<not supported>,8052726,<not supported>,<not supported>,2160232476,1022817,3919180,124226,2812101,26483716877,2178060440,7694854822,2345590,<not supported>,<not supported>,36249,1286470
2mm248_main_mlir,13.997701,55862183059,70149217803,2157652870,2425155,5635042132,10671380,18510,5646934462,10642525,26555256334,2257105056,7690896439,5640727,<not supported>,27109468,<not supported>,10389270,<not supported>,<not supported>,2157363272,913120,3662688,125665,2545884,26499577502,2177321684,7689821586,2333582,<not supported>,<not supported>,636679,1336664
2mm249_main_mlir,13.980171,55684798423,70159065997,2171573787,1642888,5628205681,10689591,18507,5637937406,10616691,26586048659,2250678029,7671462536,4116372,<not supported>,27390048,<not supported>,10184470,<not supported>,<not supported>,2164875887,1280088,3871696,136859,3130036,26484538111,2177761185,7700530308,2234256,<not supported>,<not supported>,52106,1229779
2mm250_main_mlir,14.049985,55870104197,70390106794,2177274504,2256971,5654069069,10440101,18510,5637978987,10538969,26503585738,2197263693,7657466913,5281544,<not supported>,11372430,<not supported>,8820372,<not supported>,<not supported>,2157965784,1113088,2817912,140150,1500188,26514484577,2188720300,7692471294,2237203,<not supported>,<not supported>,33414,1234597
2mm251_main_mlir,14.084999,55821504977,70131967373,2166062351,2089890,5644330445,10784125,18509,5656468915,10612153,26509305777,2248269749,7660831044,3690064,<not supported>,27407597,<not supported>,8202107,<not supported>,<not supported>,2175095055,1249585,3807528,122626,2906294,26570000304,2187922448,7695750339,2298941,<not supported>,<not supported>,41471,1250441
2mm252_main_mlir,14.043865,55806673467,70295094005,2172061020,1779937,5609091597,10328029,18510,5639786997,10612115,26456678476,2253211881,7678818964,8462999,<not supported>,27252073,<not supported>,8647070,<not supported>,<not supported>,2150702797,1434202,3612068,131118,2880170,26534364741,2186614846,7701702910,2328858,<not supported>,<not supported>,38525,1227386
2mm253_main_mlir,13.941043,55941660510,70302984584,2164774771,1728636,5626255188,10813204,18509,5624602801,11091828,26472542854,2246392952,7615561405,4392630,<not supported>,26531191,<not supported>,12177838,<not supported>,<not supported>,2152593771,1170994,5317303,1416728,3992626,26657096533,2184353528,7726062460,2291095,<not supported>,<not supported>,447899,2392490
2mm254_main_mlir,14.017845,55972434993,70388392839,2164653182,1768415,5657587278,10915600,18509,5627615282,10728394,26440494602,2244774469,7680367290,6045522,<not supported>,25177707,<not supported>,10501045,<not supported>,<not supported>,2165864605,1211084,3536640,140414,2834956,26558033178,2190874775,7681754839,2221210,<not supported>,<not supported>,163739,1375110
2mm255_main_mlir,14.073035,56119977931,70268243626,2174762356,1983216,5623131154,10981742,18509,5619797223,10943060,26477991122,2249991731,7662189748,6090885,<not supported>,27204165,<not supported>,10617241,<not supported>,<not supported>,2163272955,711239,3207528,124896,2297058,26540757474,2187256323,7677794271,2217224,<not supported>,<not supported>,106421,1217015
2mm256_main_mlir,14.050323,56041137238,70372811962,2179038532,2027296,5636154872,10604939,18505,5643037720,10923878,26402332548,2235857357,7702589033,7777728,<not supported>,25869826,<not supported>,10538994,<not supported>,<not supported>,2159072562,1016309,2252012,144680,651955,26613777013,2196951061,7673151219,2210365,<not supported>,<not supported>,526536,1285415
